"","Codigo_IBGE","Sigla_Estado","cidade","longitude","latitude","Data","Total_Exames","Total_positivos","Indice_Positividade"
"1","1100023","RO","Ariquemes",-63.0325,-9.90571,2020-03-10,68,17,25
"2","1100049","RO","Cacoal",-61.4562,-11.4343,2020-03-10,150,18,12
"3","1100122","RO","Ji-Paraná",-61.9322,-10.8777,2020-03-10,215,27,12.5581395348837
"4","1100155","RO","Ouro Preto do Oeste",-62.2565,-10.7167,2020-03-10,105,15,14.2857142857143
"5","1100189","RO","Pimenta Bueno",-61.198,-11.672,2020-03-10,9,1,11.1111111111111
"6","1100205","RO","Porto Velho",-63.8999,-8.76077,2020-03-10,2638,1177,44.6171341925701
"7","1100288","RO","Rolim de Moura",-61.7714,-11.7271,2020-03-10,57,1,1.75438596491228
"8","1100304","RO","Vilhena",-60.1488,-12.7502,2020-03-10,131,27,20.6106870229008
"9","1302603","AM","Manaus",-60.0212,-3.11866,2020-03-10,2717,1252,46.0802355539198
"10","1400100","RR","Boa Vista",-60.6753,2.82384,2020-03-10,930,431,46.3440860215054
"11","1400308","RR","Mucajaí",-60.9096,2.43998,2020-03-10,296,164,55.4054054054054
"12","1500800","PA","Ananindeua",-48.3743,-1.36391,2020-03-10,219,130,59.3607305936073
"13","1501303","PA","Barcarena",-48.6195,-1.51187,2020-03-10,14,1,7.14285714285714
"14","1501402","PA","Belém",-48.4898,-1.4554,2020-03-10,6165,3310,53.6901865369019
"15","1502152","PA","Canaã dos Carajás",-49.8776,-6.49659,2020-03-10,246,178,72.3577235772358
"16","1503606","PA","Itaituba",-55.9926,-4.2667,2020-03-10,1,0,0
"17","1504208","PA","Marabá",-49.1327,-5.38075,2020-03-10,9,4,44.4444444444444
"18","1505304","PA","Oriximiná",-55.8579,-1.75989,2020-03-10,4,0,0
"19","1505536","PA","Parauapebas",-49.9037,-6.06781,2020-03-10,1279,855,66.8491008600469
"20","1506807","PA","Santarém",-54.6996,-2.43849,2020-03-10,12,1,8.33333333333333
"21","1508084","PA","Tucumã",-51.1626,-6.74687,2020-03-10,112,70,62.5
"22","1508100","PA","Tucuruí",-49.6773,-3.7657,2020-03-10,18,6,33.3333333333333
"23","1600303","AP","Macapá",-51.0694,0.034934,2020-03-10,244,75,30.7377049180328
"24","1600600","AP","Santana",-51.1729,-0.045434,2020-03-10,26,6,23.0769230769231
"25","1702109","TO","Araguaína",-48.2044,-7.19238,2020-03-10,18,2,11.1111111111111
"26","1709500","TO","Gurupi",-49.068,-11.7279,2020-03-10,8,0,0
"27","1721000","TO","Palmas",-48.3558,-10.24,2020-03-10,171,21,12.280701754386
"28","2100055","MA","Açailândia",-47.5004,-4.94714,2020-03-10,94,47,50
"29","2101202","MA","Bacabal",-44.7832,-4.22447,2020-03-10,3,1,33.3333333333333
"30","2105302","MA","Imperatriz",-47.4777,-5.51847,2020-03-10,68,31,45.5882352941176
"31","2111300","MA","São Luís",-44.2825,-2.53874,2020-03-10,3254,1807,55.5316533497234
"32","2208007","PI","Picos",-41.467,-7.07721,2020-03-10,28,1,3.57142857142857
"33","2211001","PI","Teresina",-42.8034,-5.09194,2020-03-10,2867,996,34.7401464945937
"34","2301109","CE","Aracati",-37.7679,-4.55826,2020-03-10,3,2,66.6666666666667
"35","2304103","CE","Crateús",-40.6536,-5.16768,2020-03-10,7,2,28.5714285714286
"36","2304400","CE","Fortaleza",-38.5423,-3.71664,2020-03-10,3970,1990,50.1259445843829
"37","2305506","CE","Iguatu",-39.2892,-6.36281,2020-03-10,4,1,25
"38","2306405","CE","Itapipoca",-39.5836,-3.49933,2020-03-10,57,13,22.8070175438596
"39","2307304","CE","Juazeiro do Norte",-39.3076,-7.19621,2020-03-10,63,19,30.1587301587302
"40","2307601","CE","Limoeiro do Norte",-38.0847,-5.14392,2020-03-10,56,18,32.1428571428571
"41","2312908","CE","Sobral",-40.3482,-3.68913,2020-03-10,151,60,39.7350993377483
"42","2313401","CE","Tianguá",-40.9923,-3.72965,2020-03-10,35,12,34.2857142857143
"43","2408003","RN","Mossoró",-37.3474,-5.18374,2020-03-10,252,101,40.0793650793651
"44","2408102","RN","Natal",-35.1986,-5.79357,2020-03-10,234,86,36.7521367521368
"45","2503209","PB","Cabedelo",-34.8284,-6.98731,2020-03-10,1,1,100
"46","2503704","PB","Cajazeiras",-38.5577,-6.88004,2020-03-10,21,0,0
"47","2504009","PB","Campina Grande",-35.8731,-7.22196,2020-03-10,619,295,47.6575121163166
"48","2507507","PB","João Pessoa",-34.8641,-7.11509,2020-03-10,1774,727,40.9808342728298
"49","2510808","PB","Patos",-37.2747,-7.01743,2020-03-10,102,25,24.5098039215686
"50","2600104","PE","Afogados da Ingazeira",-37.631,-7.74312,2020-03-10,1,0,0
"51","2602100","PE","Bom Conselho",-36.6857,-9.16919,2020-03-10,4,2,50
"52","2604007","PE","Carpina",-35.2514,-7.84566,2020-03-10,1,1,100
"53","2604106","PE","Caruaru",-35.9699,-8.28455,2020-03-10,794,333,41.9395465994962
"54","2606002","PE","Garanhuns",-36.4966,-8.88243,2020-03-10,160,47,29.375
"55","2606200","PE","Goiana",-34.9959,-7.5606,2020-03-10,184,99,53.804347826087
"56","2606606","PE","Ibimirim",-37.7032,-8.54026,2020-03-10,1,0,0
"57","2609600","PE","Olinda",-34.8545,-8.01017,2020-03-10,272,149,54.7794117647059
"58","2610905","PE","Pesqueira",-36.6978,-8.35797,2020-03-10,13,1,7.69230769230769
"59","2611101","PE","Petrolina",-40.5027,-9.38866,2020-03-10,67,10,14.9253731343284
"60","2611606","PE","Recife",-34.8771,-8.04666,2020-03-10,2693,1669,61.9754920163386
"61","2612208","PE","Salgueiro",-39.1247,-8.07373,2020-03-10,2,0,0
"62","2613701","PE","São Lourenço da Mata",-35.0124,-8.00684,2020-03-10,1,1,100
"63","2614501","PE","Surubim",-35.7481,-7.84746,2020-03-10,1,0,0
"64","2616407","PE","Vitória de Santo Antão",-35.2976,-8.12819,2020-03-10,18,8,44.4444444444444
"65","2700300","AL","Arapiraca",-36.6615,-9.75487,2020-03-10,2,1,50
"66","2704302","AL","Maceió",-35.735,-9.66599,2020-03-10,918,465,50.6535947712418
"67","2706307","AL","Palmeira dos Índios",-36.6328,-9.40568,2020-03-10,9,4,44.4444444444444
"68","2800308","SE","Aracaju",-37.0677,-10.9091,2020-03-10,465,98,21.0752688172043
"69","2802908","SE","Itabaiana",-37.4273,-10.6826,2020-03-10,6,4,66.6666666666667
"70","2803500","SE","Lagarto",-37.6689,-10.9136,2020-03-10,1,0,0
"71","2804409","SE","Neópolis",-36.585,-10.3215,2020-03-10,1,0,0
"72","2900702","BA","Alagoinhas",-38.4208,-12.1335,2020-03-10,321,73,22.7414330218069
"73","2903904","BA","Bom Jesus da Lapa",-43.4108,-13.2506,2020-03-10,6,0,0
"74","2904100","BA","Boquira",-42.7324,-12.8205,2020-03-10,2,0,0
"75","2905701","BA","Camaçari",-38.3263,-12.6996,2020-03-10,82,46,56.0975609756098
"76","2907806","BA","Cícero Dantas",-38.3794,-10.5897,2020-03-10,1,0,0
"77","2910727","BA","Eunápolis",-39.5821,-16.3715,2020-03-10,135,67,49.6296296296296
"78","2910800","BA","Feira de Santana",-38.9663,-12.2664,2020-03-10,1195,444,37.1548117154812
"79","2911709","BA","Guanambi",-42.7799,-14.2231,2020-03-10,29,1,3.44827586206897
"80","2913903","BA","Ipiaú",-39.7353,-14.1226,2020-03-10,280,102,36.4285714285714
"81","2914604","BA","Irecê",-41.8535,-11.3033,2020-03-10,1,0,0
"82","2916401","BA","Itapetinga",-40.2482,-15.2475,2020-03-10,77,22,28.5714285714286
"83","2917508","BA","Jacobina",-40.5117,-11.1812,2020-03-10,25,5,20
"84","2918001","BA","Jequié",-40.0877,-13.8509,2020-03-10,23,5,21.7391304347826
"85","2918803","BA","Laje",-39.4213,-13.1673,2020-03-10,56,20,35.7142857142857
"86","2919553","BA","Luís Eduardo Magalhães",-45.7866,-12.0956,2020-03-10,35,9,25.7142857142857
"87","2922003","BA","Mucuri",-39.5565,-18.0754,2020-03-10,19,3,15.7894736842105
"88","2926608","BA","Ribeira do Pombal",-38.5382,-10.8373,2020-03-10,1,0,0
"89","2927408","BA","Salvador",-38.5011,-12.9718,2020-03-10,1609,583,36.2336855189559
"90","2928703","BA","Santo Antônio de Jesus",-39.2584,-12.9614,2020-03-10,96,24,25
"91","2930501","BA","Serrinha",-39.01,-11.6584,2020-03-10,11,3,27.2727272727273
"92","2930709","BA","Simões Filho",-38.4029,-12.7866,2020-03-10,5,4,80
"93","2931350","BA","Teixeira de Freitas",-39.74,-17.5399,2020-03-10,3,2,66.6666666666667
"94","2932903","BA","Valença",-39.073,-13.3669,2020-03-10,3,2,66.6666666666667
"95","2933307","BA","Vitória da Conquista",-40.8442,-14.8615,2020-03-10,410,40,9.75609756097561
"96","3101003","MG","Águas Vermelhas",-41.4571,-15.7431,2020-03-10,21,5,23.8095238095238
"97","3101508","MG","Além Paraíba",-42.7176,-21.8797,2020-03-10,63,11,17.4603174603175
"98","3101607","MG","Alfenas",-45.9477,-21.4256,2020-03-10,37,3,8.10810810810811
"99","3101706","MG","Almenara",-40.6942,-16.1785,2020-03-10,11,1,9.09090909090909
"100","3103405","MG","Araçuaí",-42.0637,-16.8523,2020-03-10,19,1,5.26315789473684
"101","3103504","MG","Araguari",-48.1934,-18.6456,2020-03-10,146,19,13.013698630137
"102","3103751","MG","Araporã",-49.1847,-18.4357,2020-03-10,1,0,0
"103","3104007","MG","Araxá",-46.9438,-19.5902,2020-03-10,109,10,9.1743119266055
"104","3104205","MG","Arcos",-45.5373,-20.2863,2020-03-10,68,2,2.94117647058824
"105","3105608","MG","Barbacena",-43.7703,-21.2214,2020-03-10,15,3,20
"106","3106200","MG","Belo Horizonte",-43.9266,-19.9102,2020-03-10,3619,531,14.6725614810721
"107","3106705","MG","Betim",-44.2008,-19.9668,2020-03-10,571,167,29.2469352014011
"108","3111200","MG","Campo Belo",-45.2699,-20.8932,2020-03-10,12,3,25
"109","3112307","MG","Capelinha",-42.5147,-17.6888,2020-03-10,14,0,0
"110","3112505","MG","Capim Branco",-44.1304,-19.5471,2020-03-10,2,0,0
"111","3112901","MG","Caputira",-42.2683,-20.1703,2020-03-10,1,0,0
"112","3113305","MG","Carangola",-42.0313,-20.7343,2020-03-10,19,1,5.26315789473684
"113","3113404","MG","Caratinga",-42.1292,-19.7868,2020-03-10,1,0,0
"114","3115300","MG","Cataguases",-42.6896,-21.3924,2020-03-10,35,0,0
"115","3115508","MG","Caxambu",-44.9319,-21.9753,2020-03-10,5,2,40
"116","3116605","MG","Cláudio",-44.7673,-20.4437,2020-03-10,1,0,0
"117","3117504","MG","Conceição do Mato Dentro",-43.4221,-19.0344,2020-03-10,25,0,0
"118","3118304","MG","Conselheiro Lafaiete",-43.7846,-20.6634,2020-03-10,129,26,20.1550387596899
"119","3118601","MG","Contagem",-44.0539,-19.9321,2020-03-10,576,165,28.6458333333333
"120","3118908","MG","Cordisburgo",-44.3224,-19.1224,2020-03-10,1,0,0
"121","3119401","MG","Coronel Fabriciano",-42.6276,-19.5179,2020-03-10,1201,137,11.4071606994172
"122","3120805","MG","Cruzília",-44.8067,-21.84,2020-03-10,1,0,0
"123","3120904","MG","Curvelo",-44.4303,-18.7527,2020-03-10,47,6,12.7659574468085
"124","3121605","MG","Diamantina",-43.6031,-18.2413,2020-03-10,8,0,0
"125","3121704","MG","Diogo de Vasconcelos",-43.1953,-20.4879,2020-03-10,1,0,0
"126","3122009","MG","Divino",-42.1438,-20.6134,2020-03-10,1,1,100
"127","3122306","MG","Divinópolis",-44.8912,-20.1446,2020-03-10,392,59,15.0510204081633
"128","3123908","MG","Entre Rios de Minas",-44.0654,-20.6706,2020-03-10,2,0,0
"129","3125101","MG","Extrema",-46.3178,-22.854,2020-03-10,69,22,31.8840579710145
"130","3126109","MG","Formiga",-45.4268,-20.4618,2020-03-10,396,42,10.6060606060606
"131","3127701","MG","Governador Valadares",-41.9555,-18.8545,2020-03-10,350,110,31.4285714285714
"132","3129806","MG","Ibirité",-44.0569,-20.0252,2020-03-10,2,0,0
"133","3131208","MG","Ipanema",-41.7164,-19.7992,2020-03-10,103,12,11.6504854368932
"134","3131307","MG","Ipatinga",-42.5476,-19.4703,2020-03-10,1291,295,22.85050348567
"135","3131703","MG","Itabira",-43.2312,-19.6239,2020-03-10,156,9,5.76923076923077
"136","3131901","MG","Itabirito",-43.8038,-20.2501,2020-03-10,2,0,0
"137","3132404","MG","Itajubá",-45.4598,-22.4225,2020-03-10,53,3,5.66037735849057
"138","3132503","MG","Itamarandiba",-42.8561,-17.8552,2020-03-10,4,0,0
"139","3133006","MG","Itamonte",-44.868,-22.2859,2020-03-10,27,2,7.40740740740741
"140","3133105","MG","Itanhandu",-44.9382,-22.2942,2020-03-10,14,2,14.2857142857143
"141","3133303","MG","Itaobim",-41.5017,-16.5571,2020-03-10,10,1,10
"142","3133758","MG","Itaú de Minas",-46.7525,-20.7375,2020-03-10,1,0,0
"143","3133808","MG","Itaúna",-44.5801,-20.0818,2020-03-10,14,2,14.2857142857143
"144","3134202","MG","Ituiutaba",-49.4639,-18.9772,2020-03-10,250,24,9.6
"145","3135803","MG","Jequitinhonha",-41.0117,-16.4375,2020-03-10,7,1,14.2857142857143
"146","3136207","MG","João Monlevade",-43.1735,-19.8126,2020-03-10,17,3,17.6470588235294
"147","3136652","MG","Juatuba",-44.3451,-19.9448,2020-03-10,1,0,0
"148","3136702","MG","Juiz de Fora",-43.3398,-21.7595,2020-03-10,650,93,14.3076923076923
"149","3137205","MG","Lagoa da Prata",-45.5401,-20.0237,2020-03-10,62,12,19.3548387096774
"150","3137601","MG","Lagoa Santa",-43.8932,-19.6397,2020-03-10,38,4,10.5263157894737
"151","3138203","MG","Lavras",-45.0009,-21.248,2020-03-10,167,24,14.3712574850299
"152","3138401","MG","Leopoldina",-42.6421,-21.5296,2020-03-10,81,31,38.2716049382716
"153","3138807","MG","Luz",-45.6794,-19.7911,2020-03-10,53,4,7.54716981132075
"154","3139409","MG","Manhuaçu",-42.028,-20.2572,2020-03-10,194,32,16.4948453608247
"155","3139706","MG","Maravilhas",-44.6779,-19.5076,2020-03-10,1,0,0
"156","3140001","MG","Mariana",-43.414,-20.3765,2020-03-10,34,0,0
"157","3140704","MG","Mateus Leme",-44.4318,-19.9794,2020-03-10,1,0,0
"158","3141108","MG","Matozinhos",-44.0868,-19.5543,2020-03-10,5,0,0
"159","3142205","MG","Miraí",-42.6122,-21.2021,2020-03-10,11,4,36.3636363636364
"160","3143302","MG","Montes Claros",-43.8578,-16.7282,2020-03-10,92,11,11.9565217391304
"161","3143401","MG","Monte Sião",-46.573,-22.4335,2020-03-10,7,0,0
"162","3143906","MG","Muriaé",-42.3693,-21.13,2020-03-10,74,22,29.7297297297297
"163","3144003","MG","Mutum",-41.4407,-19.8121,2020-03-10,598,150,25.0836120401338
"164","3144300","MG","Nanuque",-40.3533,-17.8481,2020-03-10,20,12,60
"165","3144607","MG","Nepomuceno",-45.235,-21.2324,2020-03-10,2,1,50
"166","3144805","MG","Nova Lima",-43.8509,-19.9758,2020-03-10,824,155,18.8106796116505
"167","3145604","MG","Oliveira",-44.829,-20.6982,2020-03-10,15,0,0
"168","3145901","MG","Ouro Branco",-43.6962,-20.5263,2020-03-10,14,0,0
"169","3146107","MG","Ouro Preto",-43.512,-20.3796,2020-03-10,3,0,0
"170","3147006","MG","Paracatu",-46.8711,-17.2252,2020-03-10,30,3,10
"171","3147105","MG","Pará de Minas",-44.6114,-19.8534,2020-03-10,37,2,5.40540540540541
"172","3147600","MG","Passa Quatro",-44.9709,-22.3871,2020-03-10,3,0,0
"173","3147907","MG","Passos",-46.609,-20.7193,2020-03-10,46,8,17.3913043478261
"174","3148004","MG","Patos de Minas",-46.5013,-18.5699,2020-03-10,274,34,12.4087591240876
"175","3148103","MG","Patrocínio",-46.9934,-18.9379,2020-03-10,61,15,24.5901639344262
"176","3149002","MG","Pedra Dourada",-42.1515,-20.8266,2020-03-10,1,1,100
"177","3149309","MG","Pedro Leopoldo",-44.0383,-19.6308,2020-03-10,3,0,0
"178","3149903","MG","Perdões",-45.0896,-21.0932,2020-03-10,2,0,0
"179","3150604","MG","Piracema",-44.4783,-20.5089,2020-03-10,3,0,0
"180","3151107","MG","Pirapetinga",-42.3434,-21.6554,2020-03-10,124,7,5.64516129032258
"181","3151800","MG","Poços de Caldas",-46.5692,-21.78,2020-03-10,13,1,7.69230769230769
"182","3152105","MG","Ponte Nova",-42.8978,-20.4111,2020-03-10,81,8,9.87654320987654
"183","3152501","MG","Pouso Alegre",-45.9389,-22.2266,2020-03-10,206,47,22.8155339805825
"184","3152600","MG","Pouso Alto",-44.9748,-22.1964,2020-03-10,2,0,0
"185","3153400","MG","Presidente Olegário",-46.4165,-18.4096,2020-03-10,3,0,0
"186","3153608","MG","Prudente de Morais",-44.1591,-19.4742,2020-03-10,2,2,100
"187","3154606","MG","Ribeirão das Neves",-44.0844,-19.7621,2020-03-10,4,0,0
"188","3156700","MG","Sabará",-43.8263,-19.884,2020-03-10,2,0,0
"189","3157005","MG","Salinas",-42.2964,-16.1753,2020-03-10,2,1,50
"190","3157906","MG","Santa Margarida",-42.2519,-20.3839,2020-03-10,2,1,50
"191","3159605","MG","Santa Rita do Sapucaí",-45.7034,-22.2461,2020-03-10,30,1,3.33333333333333
"192","3159803","MG","Santa Vitória",-50.1208,-18.8414,2020-03-10,3,1,33.3333333333333
"193","3160702","MG","Santos Dumont",-43.5499,-21.4634,2020-03-10,3,0,0
"194","3162500","MG","São João del Rei",-44.2526,-21.1311,2020-03-10,72,18,25
"195","3164704","MG","São Sebastião do Paraíso",-46.9837,-20.9167,2020-03-10,70,4,5.71428571428571
"196","3165008","MG","São Tiago",-44.5098,-20.9075,2020-03-10,3,0,0
"197","3165305","MG","São Vicente de Minas",-44.4431,-21.7042,2020-03-10,17,4,23.5294117647059
"198","3166808","MG","Serra do Salitre",-46.6961,-19.1083,2020-03-10,4,0,0
"199","3167202","MG","Sete Lagoas",-44.2413,-19.4569,2020-03-10,420,21,5
"200","3168002","MG","Taiobeiras",-42.2259,-15.8106,2020-03-10,2,0,0
"201","3168408","MG","Tarumirim",-42.0097,-19.2835,2020-03-10,1,0,0
"202","3168606","MG","Teófilo Otoni",-41.5087,-17.8595,2020-03-10,123,37,30.0813008130081
"203","3168705","MG","Timóteo",-42.6471,-19.5811,2020-03-10,27,11,40.7407407407407
"204","3169356","MG","Três Marias",-45.2473,-18.2048,2020-03-10,7,0,0
"205","3169406","MG","Três Pontas",-45.5109,-21.3694,2020-03-10,2,0,0
"206","3169901","MG","Ubá",-42.9359,-21.1204,2020-03-10,28,8,28.5714285714286
"207","3170107","MG","Uberaba",-47.9381,-19.7472,2020-03-10,533,103,19.3245778611632
"208","3170206","MG","Uberlândia",-48.2749,-18.9141,2020-03-10,817,264,32.3133414932681
"209","3170404","MG","Unaí",-46.9022,-16.3592,2020-03-10,29,11,37.9310344827586
"210","3170701","MG","Varginha",-45.4364,-21.5556,2020-03-10,52,7,13.4615384615385
"211","3171303","MG","Viçosa",-42.8742,-20.7559,2020-03-10,17,1,5.88235294117647
"212","3200508","ES","Apiacá",-41.5693,-21.1523,2020-03-10,1,0,0
"213","3200607","ES","Aracruz",-40.2764,-19.82,2020-03-10,15,6,40
"214","3201209","ES","Cachoeiro de Itapemirim",-41.1198,-20.8462,2020-03-10,216,114,52.7777777777778
"215","3201308","ES","Cariacica",-40.4165,-20.2632,2020-03-10,2,1,50
"216","3201407","ES","Castelo",-41.2031,-20.6033,2020-03-10,1,0,0
"217","3201506","ES","Colatina",-40.6269,-19.5493,2020-03-10,237,96,40.5063291139241
"218","3203205","ES","Linhares",-40.0643,-19.3946,2020-03-10,15,4,26.6666666666667
"219","3203502","ES","Montanha",-40.3668,-18.1303,2020-03-10,2,0,0
"220","3204005","ES","Pancas",-40.8534,-19.2229,2020-03-10,1,0,0
"221","3204807","ES","São José do Calçado",-41.6636,-21.0274,2020-03-10,2,0,0
"222","3204906","ES","São Mateus",-39.8579,-18.7214,2020-03-10,17,4,23.5294117647059
"223","3205002","ES","Serra",-40.3074,-20.121,2020-03-10,1,1,100
"224","3205101","ES","Viana",-40.4933,-20.3825,2020-03-10,1,0,0
"225","3205200","ES","Vila Velha",-40.2875,-20.3417,2020-03-10,4,0,0
"226","3205309","ES","Vitória",-40.3128,-20.3155,2020-03-10,1340,402,30
"227","3300100","RJ","Angra dos Reis",-44.3196,-23.0011,2020-03-10,3,2,66.6666666666667
"228","3300209","RJ","Araruama",-42.3326,-22.8697,2020-03-10,3,0,0
"229","3300407","RJ","Barra Mansa",-44.1752,-22.5481,2020-03-10,340,137,40.2941176470588
"230","3300456","RJ","Belford Roxo",-43.3992,-22.764,2020-03-10,91,39,42.8571428571429
"231","3300605","RJ","Bom Jesus do Itabapoana",-41.6822,-21.1449,2020-03-10,1,0,0
"232","3300704","RJ","Cabo Frio",-42.0286,-22.8894,2020-03-10,315,206,65.3968253968254
"233","3301009","RJ","Campos dos Goytacazes",-41.3181,-21.7622,2020-03-10,651,167,25.652841781874
"234","3301405","RJ","Conceição de Macabu",-41.8719,-22.0834,2020-03-10,27,7,25.9259259259259
"235","3301504","RJ","Cordeiro",-42.3648,-22.0267,2020-03-10,5,1,20
"236","3301702","RJ","Duque de Caxias",-43.3049,-22.7858,2020-03-10,241,87,36.0995850622407
"237","3301900","RJ","Itaboraí",-42.8639,-22.7565,2020-03-10,91,45,49.4505494505495
"238","3302007","RJ","Itaguaí",-43.7798,-22.8636,2020-03-10,3,3,100
"239","3302056","RJ","Italva",-41.7014,-21.4296,2020-03-10,1,1,100
"240","3302205","RJ","Itaperuna",-41.8799,-21.1997,2020-03-10,819,389,47.4969474969475
"241","3302270","RJ","Japeri",-43.6602,-22.6435,2020-03-10,4,2,50
"242","3302403","RJ","Macaé",-41.7848,-22.3768,2020-03-10,77,9,11.6883116883117
"243","3302502","RJ","Magé",-43.0315,-22.6632,2020-03-10,17,8,47.0588235294118
"244","3302601","RJ","Mangaratiba",-44.0409,-22.9594,2020-03-10,1,1,100
"245","3302700","RJ","Maricá",-42.8246,-22.9354,2020-03-10,15,4,26.6666666666667
"246","3302858","RJ","Mesquita",-43.4601,-22.8028,2020-03-10,60,24,40
"247","3302908","RJ","Miguel Pereira",-43.4803,-22.4572,2020-03-10,1,0,0
"248","3303104","RJ","Natividade",-41.9697,-21.039,2020-03-10,1,0,0
"249","3303203","RJ","Nilópolis",-43.4233,-22.8057,2020-03-10,61,27,44.2622950819672
"250","3303302","RJ","Niterói",-43.1034,-22.8832,2020-03-10,1067,550,51.5463917525773
"251","3303401","RJ","Nova Friburgo",-42.5377,-22.2932,2020-03-10,2,1,50
"252","3303500","RJ","Nova Iguaçu",-43.4603,-22.7556,2020-03-10,1362,563,41.3362701908957
"253","3303609","RJ","Paracambi",-43.7108,-22.6078,2020-03-10,10,3,30
"254","3303906","RJ","Petrópolis",-43.1926,-22.52,2020-03-10,1,1,100
"255","3303955","RJ","Pinheiral",-44.0022,-22.5172,2020-03-10,1,0,0
"256","3304144","RJ","Queimados",-43.5518,-22.7102,2020-03-10,10,5,50
"257","3304151","RJ","Quissamã",-41.4693,-22.1031,2020-03-10,2,0,0
"258","3304201","RJ","Resende",-44.4509,-22.4705,2020-03-10,112,18,16.0714285714286
"259","3304300","RJ","Rio Bonito",-42.6276,-22.7181,2020-03-10,8,2,25
"260","3304524","RJ","Rio das Ostras",-41.9475,-22.5174,2020-03-10,58,35,60.3448275862069
"261","3304557","RJ","Rio de Janeiro",-43.2003,-22.9129,2020-03-10,10527,4544,43.1651942623729
"262","3304607","RJ","Santa Maria Madalena",-42.0098,-21.9547,2020-03-10,1,0,0
"263","3304706","RJ","Santo Antônio de Pádua",-42.1832,-21.541,2020-03-10,1,0,0
"264","3304904","RJ","São Gonçalo",-43.0634,-22.8268,2020-03-10,725,398,54.8965517241379
"265","3305000","RJ","São João da Barra",-41.0446,-21.638,2020-03-10,4,1,25
"266","3305109","RJ","São João de Meriti",-43.3729,-22.8058,2020-03-10,87,32,36.7816091954023
"267","3305505","RJ","Saquarema",-42.5099,-22.9292,2020-03-10,4,3,75
"268","3305554","RJ","Seropédica",-43.7155,-22.7526,2020-03-10,3,1,33.3333333333333
"269","3305752","RJ","Tanguá",-42.7202,-22.7423,2020-03-10,2,1,50
"270","3305802","RJ","Teresópolis",-42.9752,-22.4165,2020-03-10,1,0,0
"271","3306008","RJ","Três Rios",-43.2185,-22.1165,2020-03-10,5,0,0
"272","3306107","RJ","Valença",-43.7129,-22.2445,2020-03-10,7,2,28.5714285714286
"273","3306206","RJ","Vassouras",-43.6686,-22.4059,2020-03-10,6,0,0
"274","3306305","RJ","Volta Redonda",-44.0996,-22.5202,2020-03-10,1157,433,37.4243733794296
"275","3501608","SP","Americana",-47.3331,-22.7374,2020-03-10,135,25,18.5185185185185
"276","3501707","SP","Américo Brasiliense",-48.1147,-21.7288,2020-03-10,4,0,0
"277","3501905","SP","Amparo",-46.772,-22.7088,2020-03-10,81,25,30.8641975308642
"278","3502804","SP","Araçatuba",-50.4401,-21.2076,2020-03-10,354,66,18.6440677966102
"279","3503208","SP","Araraquara",-48.178,-21.7845,2020-03-10,55,8,14.5454545454545
"280","3503901","SP","Arujá",-46.32,-23.3965,2020-03-10,12,5,41.6666666666667
"281","3504008","SP","Assis",-50.4183,-22.66,2020-03-10,17,0,0
"282","3504107","SP","Atibaia",-46.5563,-23.1171,2020-03-10,208,45,21.6346153846154
"283","3504503","SP","Avaré",-48.9251,-23.1067,2020-03-10,28,2,7.14285714285714
"284","3505500","SP","Barretos",-48.5698,-20.5531,2020-03-10,7,2,28.5714285714286
"285","3505708","SP","Barueri",-46.879,-23.5057,2020-03-10,1152,499,43.3159722222222
"286","3506003","SP","Bauru",-49.0871,-22.3246,2020-03-10,64,25,39.0625
"287","3506508","SP","Birigui",-50.3432,-21.291,2020-03-10,82,18,21.9512195121951
"288","3507605","SP","Bragança Paulista",-46.5419,-22.9527,2020-03-10,470,129,27.4468085106383
"289","3507803","SP","Brodowski",-47.6572,-20.9845,2020-03-10,2,1,50
"290","3508504","SP","Caçapava",-45.7076,-23.0992,2020-03-10,33,9,27.2727272727273
"291","3509007","SP","Caieiras",-46.7397,-23.3607,2020-03-10,8,1,12.5
"292","3509205","SP","Cajamar",-46.8781,-23.355,2020-03-10,2,0,0
"293","3509502","SP","Campinas",-47.0659,-22.9053,2020-03-10,1678,456,27.1752085816448
"294","3510005","SP","Cândido Mota",-50.3873,-22.7471,2020-03-10,18,3,16.6666666666667
"295","3510203","SP","Capão Bonito",-48.3482,-24.0113,2020-03-10,2,0,0
"296","3510401","SP","Capivari",-47.5071,-22.9951,2020-03-10,28,4,14.2857142857143
"297","3510500","SP","Caraguatatuba",-45.4125,-23.6125,2020-03-10,89,27,30.3370786516854
"298","3510609","SP","Carapicuíba",-46.8407,-23.5235,2020-03-10,48,14,29.1666666666667
"299","3511102","SP","Catanduva",-48.977,-21.1314,2020-03-10,13,2,15.3846153846154
"300","3511409","SP","Cerqueira César",-49.1655,-23.038,2020-03-10,6,3,50
"301","3512001","SP","Colina",-48.5387,-20.7114,2020-03-10,1,0,0
"302","3512308","SP","Conchas",-48.0134,-23.0154,2020-03-10,7,2,28.5714285714286
"303","3512803","SP","Cosmópolis",-47.1926,-22.6419,2020-03-10,121,16,13.2231404958678
"304","3513009","SP","Cotia",-46.919,-23.6022,2020-03-10,47,14,29.7872340425532
"305","3513108","SP","Cravinhos",-47.7324,-21.338,2020-03-10,1,0,0
"306","3513405","SP","Cruzeiro",-44.969,-22.5728,2020-03-10,80,8,10
"307","3513504","SP","Cubatão",-46.424,-23.8911,2020-03-10,842,556,66.0332541567696
"308","3513801","SP","Diadema",-46.6205,-23.6813,2020-03-10,22,3,13.6363636363636
"309","3514106","SP","Dois Córregos",-48.3819,-22.3673,2020-03-10,2,1,50
"310","3514403","SP","Dracena",-51.535,-21.4843,2020-03-10,131,15,11.4503816793893
"311","3515004","SP","Embu das Artes",-46.8579,-23.6437,2020-03-10,29,7,24.1379310344828
"312","3515707","SP","Ferraz de Vasconcelos",-46.371,-23.5411,2020-03-10,8,2,25
"313","3516200","SP","Franca",-47.4039,-20.5352,2020-03-10,13,0,0
"314","3516309","SP","Francisco Morato",-46.7448,-23.2792,2020-03-10,1,0,0
"315","3516408","SP","Franco da Rocha",-46.729,-23.3229,2020-03-10,2,0,0
"316","3516705","SP","Garça",-49.6546,-22.2125,2020-03-10,30,3,10
"317","3518206","SP","Guararapes",-50.6453,-21.2544,2020-03-10,4,3,75
"318","3518404","SP","Guaratinguetá",-45.1938,-22.8075,2020-03-10,63,7,11.1111111111111
"319","3518701","SP","Guarujá",-46.258,-23.9888,2020-03-10,784,298,38.0102040816327
"320","3518800","SP","Guarulhos",-46.5333,-23.4538,2020-03-10,160,44,27.5
"321","3520103","SP","Igarapava",-47.7466,-20.0407,2020-03-10,4,0,0
"322","3520202","SP","Igaratá",-46.157,-23.2037,2020-03-10,11,1,9.09090909090909
"323","3520301","SP","Iguape",-47.5537,-24.699,2020-03-10,1376,353,25.6540697674419
"324","3520442","SP","Ilha Solteira",-51.3426,-20.4326,2020-03-10,1,0,0
"325","3522208","SP","Itapecerica da Serra",-46.8572,-23.7161,2020-03-10,2,2,100
"326","3522307","SP","Itapetininga",-48.0483,-23.5886,2020-03-10,192,28,14.5833333333333
"327","3522505","SP","Itapevi",-46.9327,-23.5488,2020-03-10,4,1,25
"328","3522604","SP","Itapira",-46.8224,-22.4357,2020-03-10,212,24,11.3207547169811
"329","3522703","SP","Itápolis",-48.8149,-21.5942,2020-03-10,4,2,50
"330","3523107","SP","Itaquaquecetuba",-46.3457,-23.4835,2020-03-10,4,1,25
"331","3523909","SP","Itu",-47.2927,-23.2544,2020-03-10,23,5,21.7391304347826
"332","3524006","SP","Itupeva",-47.0593,-23.1526,2020-03-10,1,0,0
"333","3524105","SP","Ituverava",-47.7902,-20.3355,2020-03-10,84,10,11.9047619047619
"334","3524204","SP","Jaborandi",-48.4112,-20.6884,2020-03-10,7,7,100
"335","3524303","SP","Jaboticabal",-48.3252,-21.252,2020-03-10,90,37,41.1111111111111
"336","3524402","SP","Jacareí",-45.9658,-23.2983,2020-03-10,214,58,27.1028037383178
"337","3524709","SP","Jaguariúna",-46.9851,-22.7037,2020-03-10,17,4,23.5294117647059
"338","3524808","SP","Jales",-50.5494,-20.2672,2020-03-10,19,4,21.0526315789474
"339","3525003","SP","Jandira",-46.9023,-23.5275,2020-03-10,25,10,40
"340","3525300","SP","Jaú",-48.5592,-22.2936,2020-03-10,124,19,15.3225806451613
"341","3525904","SP","Jundiaí",-46.8974,-23.1852,2020-03-10,48,5,10.4166666666667
"342","3526001","SP","Junqueirópolis",-51.4342,-21.5103,2020-03-10,2,1,50
"343","3526407","SP","Laranjal Paulista",-47.8375,-23.0506,2020-03-10,3,0,0
"344","3526803","SP","Lençóis Paulista",-48.8037,-22.6027,2020-03-10,934,256,27.4089935760171
"345","3526902","SP","Limeira",-47.397,-22.566,2020-03-10,48,35,72.9166666666667
"346","3527207","SP","Lorena",-45.1197,-22.7334,2020-03-10,95,20,21.0526315789474
"347","3528601","SP","Manduri",-49.3202,-23.0056,2020-03-10,14,2,14.2857142857143
"348","3529005","SP","Marília",-49.9501,-22.2171,2020-03-10,455,62,13.6263736263736
"349","3529302","SP","Matão",-48.364,-21.6025,2020-03-10,41,5,12.1951219512195
"350","3529401","SP","Mauá",-46.4613,-23.6677,2020-03-10,332,104,31.3253012048193
"351","3530508","SP","Mococa",-47.0024,-21.4647,2020-03-10,18,1,5.55555555555556
"352","3530607","SP","Mogi das Cruzes",-46.1854,-23.5208,2020-03-10,165,58,35.1515151515151
"353","3530706","SP","Mogi Guaçu",-46.9428,-22.3675,2020-03-10,380,86,22.6315789473684
"354","3531308","SP","Monte Alto",-48.4971,-21.2655,2020-03-10,67,26,38.8059701492537
"355","3533908","SP","Olímpia",-48.9106,-20.7366,2020-03-10,90,23,25.5555555555556
"356","3534401","SP","Osasco",-46.7916,-23.5324,2020-03-10,82,24,29.2682926829268
"357","3534708","SP","Ourinhos",-49.8697,-22.9797,2020-03-10,85,23,27.0588235294118
"358","3536505","SP","Paulínia",-47.1488,-22.7542,2020-03-10,88,22,25
"359","3537305","SP","Penápolis",-50.0769,-21.4148,2020-03-10,2,0,0
"360","3538006","SP","Pindamonhangaba",-45.4613,-22.9246,2020-03-10,19,4,21.0526315789474
"361","3538709","SP","Piracicaba",-47.6476,-22.7338,2020-03-10,318,62,19.4968553459119
"362","3538808","SP","Piraju",-49.3803,-23.1981,2020-03-10,2,0,0
"363","3539806","SP","Poá",-46.3473,-23.5333,2020-03-10,5,0,0
"364","3540002","SP","Pompéia",-50.176,-22.107,2020-03-10,6,0,0
"365","3540705","SP","Porto Ferreira",-47.487,-21.8498,2020-03-10,13,2,15.3846153846154
"366","3541000","SP","Praia Grande",-46.4121,-24.0084,2020-03-10,18,3,16.6666666666667
"367","3541406","SP","Presidente Prudente",-51.3925,-22.1207,2020-03-10,165,37,22.4242424242424
"368","3541604","SP","Promissão",-49.8599,-21.5356,2020-03-10,1,0,0
"369","3542206","SP","Rancharia",-50.893,-22.2269,2020-03-10,3,0,0
"370","3542602","SP","Registro",-47.8449,-24.4979,2020-03-10,180,30,16.6666666666667
"371","3543303","SP","Ribeirão Pires",-46.4058,-23.7067,2020-03-10,4,0,0
"372","3543402","SP","Ribeirão Preto",-47.8099,-21.1699,2020-03-10,1055,169,16.0189573459716
"373","3543907","SP","Rio Claro",-47.5546,-22.3984,2020-03-10,54,7,12.962962962963
"374","3547304","SP","Santana de Parnaíba",-46.9178,-23.4439,2020-03-10,1,0,0
"375","3547809","SP","Santo André",-46.5432,-23.6737,2020-03-10,263,49,18.6311787072243
"376","3548500","SP","Santos",-46.335,-23.9535,2020-03-10,2666,905,33.9459864966242
"377","3548708","SP","São Bernardo do Campo",-46.5646,-23.6914,2020-03-10,618,335,54.2071197411003
"378","3548807","SP","São Caetano do Sul",-46.5548,-23.6229,2020-03-10,1287,253,19.6581196581197
"379","3548906","SP","São Carlos",-47.886,-22.0174,2020-03-10,7,0,0
"380","3549102","SP","São João da Boa Vista",-46.7944,-21.9707,2020-03-10,83,17,20.4819277108434
"381","3549409","SP","São Joaquim da Barra",-47.8593,-20.5812,2020-03-10,52,13,25
"382","3549706","SP","São José do Rio Pardo",-46.8873,-21.5953,2020-03-10,118,26,22.0338983050847
"383","3549805","SP","São José do Rio Preto",-49.3758,-20.8113,2020-03-10,97,22,22.680412371134
"384","3549904","SP","São José dos Campos",-45.8841,-23.1896,2020-03-10,2166,521,24.0535549399815
"385","3550308","SP","São Paulo",-46.6395,-23.5329,2020-03-10,12306,5620,45.6687794571754
"386","3550605","SP","São Roque",-47.1357,-23.5226,2020-03-10,6,2,33.3333333333333
"387","3550704","SP","São Sebastião",-45.4143,-23.7951,2020-03-10,101,8,7.92079207920792
"388","3551009","SP","São Vicente",-46.3883,-23.9574,2020-03-10,61,40,65.5737704918033
"389","3551702","SP","Sertãozinho",-47.9875,-21.1316,2020-03-10,305,49,16.0655737704918
"390","3552106","SP","Socorro",-46.5251,-22.5903,2020-03-10,9,3,33.3333333333333
"391","3552205","SP","Sorocaba",-47.4451,-23.4969,2020-03-10,231,59,25.5411255411255
"392","3552502","SP","Suzano",-46.3112,-23.5448,2020-03-10,10,3,30
"393","3552809","SP","Taboão da Serra",-46.7526,-23.6019,2020-03-10,47,9,19.1489361702128
"394","3553708","SP","Taquaritinga",-48.5103,-21.4049,2020-03-10,2,1,50
"395","3554003","SP","Tatuí",-47.8461,-23.3487,2020-03-10,83,27,32.5301204819277
"396","3554102","SP","Taubaté",-45.5593,-23.0104,2020-03-10,107,20,18.6915887850467
"397","3555000","SP","Tupã",-50.5191,-21.9335,2020-03-10,32,7,21.875
"398","3555109","SP","Tupi Paulista",-51.575,-21.3825,2020-03-10,83,28,33.7349397590361
"399","3556206","SP","Valinhos",-46.9974,-22.9698,2020-03-10,796,249,31.2814070351759
"400","3556453","SP","Vargem Grande Paulista",-47.022,-23.5993,2020-03-10,3,0,0
"401","3556701","SP","Vinhedo",-46.9833,-23.0302,2020-03-10,22,4,18.1818181818182
"402","3557105","SP","Votuporanga",-49.9781,-20.4237,2020-03-10,22,2,9.09090909090909
"403","4101408","PR","Apucarana",-51.4635,-23.55,2020-03-10,39,7,17.9487179487179
"404","4101507","PR","Arapongas",-51.4259,-23.4153,2020-03-10,1,0,0
"405","4101804","PR","Araucária",-49.4047,-25.5859,2020-03-10,10,0,0
"406","4102000","PR","Assis Chateaubriand",-53.5213,-24.4168,2020-03-10,4,0,0
"407","4104303","PR","Campo Mourão",-52.378,-24.0463,2020-03-10,60,2,3.33333333333333
"408","4104808","PR","Cascavel",-53.459,-24.9573,2020-03-10,9,2,22.2222222222222
"409","4106902","PR","Curitiba",-49.2646,-25.4195,2020-03-10,1010,97,9.6039603960396
"410","4108304","PR","Foz do Iguaçu",-54.5827,-25.5427,2020-03-10,59,1,1.69491525423729
"411","4108403","PR","Francisco Beltrão",-53.0535,-26.0817,2020-03-10,104,4,3.84615384615385
"412","4109401","PR","Guarapuava",-51.4623,-25.3902,2020-03-10,66,9,13.6363636363636
"413","4110706","PR","Irati",-50.6493,-25.4697,2020-03-10,3,0,0
"414","4112009","PR","Jaguariaíva",-49.7066,-24.2439,2020-03-10,3,0,0
"415","4113205","PR","Lapa",-49.7168,-25.7671,2020-03-10,6,1,16.6666666666667
"416","4113502","PR","Loanda",-53.1362,-22.9232,2020-03-10,3,0,0
"417","4113700","PR","Londrina",-51.1691,-23.304,2020-03-10,427,72,16.8618266978923
"418","4114203","PR","Mandaguari",-51.671,-23.5446,2020-03-10,1,0,0
"419","4114807","PR","Marialva",-51.7928,-23.4843,2020-03-10,2,0,0
"420","4115200","PR","Maringá",-51.9333,-23.4205,2020-03-10,59,9,15.2542372881356
"421","4118402","PR","Paranavaí",-52.4617,-23.0816,2020-03-10,88,22,25
"422","4118501","PR","Pato Branco",-52.6706,-26.2292,2020-03-10,408,96,23.5294117647059
"423","4119152","PR","Pinhais",-49.1927,-25.4429,2020-03-10,14,2,14.2857142857143
"424","4119509","PR","Piraquara",-49.0624,-25.4422,2020-03-10,5,2,40
"425","4119905","PR","Ponta Grossa",-50.1668,-25.0916,2020-03-10,54,2,3.7037037037037
"426","4122404","PR","Rolândia",-51.3659,-23.3101,2020-03-10,42,4,9.52380952380952
"427","4124053","PR","Santa Terezinha de Itaipu",-54.402,-25.4391,2020-03-10,106,11,10.377358490566
"428","4124103","PR","Santo Antônio da Platina",-50.0815,-23.2959,2020-03-10,23,3,13.0434782608696
"429","4125605","PR","São Mateus do Sul",-50.384,-25.8677,2020-03-10,1,1,100
"430","4126256","PR","Sarandi",-51.876,-23.4441,2020-03-10,3,0,0
"431","4126603","PR","Siqueira Campos",-49.8304,-23.6875,2020-03-10,1,0,0
"432","4127700","PR","Toledo",-53.7412,-24.7246,2020-03-10,184,118,64.1304347826087
"433","4128104","PR","Umuarama",-53.3201,-23.7656,2020-03-10,30,3,10
"434","4202404","SC","Blumenau",-49.0709,-26.9155,2020-03-10,460,57,12.3913043478261
"435","4202800","SC","Braço do Norte",-49.1701,-28.2681,2020-03-10,1,0,0
"436","4202909","SC","Brusque",-48.9107,-27.0977,2020-03-10,163,19,11.6564417177914
"437","4203006","SC","Caçador",-51.012,-26.7757,2020-03-10,21,3,14.2857142857143
"438","4203808","SC","Canoinhas",-50.395,-26.1766,2020-03-10,22,0,0
"439","4204202","SC","Chapecó",-52.6152,-27.1004,2020-03-10,86,12,13.953488372093
"440","4204301","SC","Concórdia",-52.026,-27.2335,2020-03-10,99,28,28.2828282828283
"441","4204608","SC","Criciúma",-49.3729,-28.6723,2020-03-10,86,31,36.046511627907
"442","4207502","SC","Indaial",-49.2354,-26.8992,2020-03-10,2,0,0
"443","4208203","SC","Itajaí",-48.6705,-26.9101,2020-03-10,17,3,17.6470588235294
"444","4208302","SC","Itapema",-48.616,-27.0861,2020-03-10,93,7,7.52688172043011
"445","4208708","SC","Jacinto Machado",-49.7623,-28.9961,2020-03-10,15,2,13.3333333333333
"446","4208906","SC","Jaraguá do Sul",-49.0713,-26.4851,2020-03-10,110,12,10.9090909090909
"447","4209003","SC","Joaçaba",-51.5108,-27.1721,2020-03-10,81,9,11.1111111111111
"448","4209102","SC","Joinville",-48.8487,-26.3045,2020-03-10,59,17,28.8135593220339
"449","4209300","SC","Lages",-50.3259,-27.815,2020-03-10,1,0,0
"450","4210100","SC","Mafra",-49.8086,-26.1159,2020-03-10,18,0,0
"451","4210506","SC","Maravilha",-53.1737,-26.7665,2020-03-10,6,0,0
"452","4211504","SC","Nova Trento",-48.9298,-27.278,2020-03-10,13,1,7.69230769230769
"453","4211900","SC","Palhoça",-48.6697,-27.6455,2020-03-10,1,0,0
"454","4212106","SC","Palmitos",-53.1586,-27.0702,2020-03-10,2,0,0
"455","4214805","SC","Rio do Sul",-49.643,-27.2156,2020-03-10,116,23,19.8275862068966
"456","4217204","SC","São Miguel do Oeste",-53.5163,-26.7242,2020-03-10,2,0,0
"457","4219507","SC","Xanxerê",-52.4036,-26.8747,2020-03-10,9,4,44.4444444444444
"458","4300109","RS","Agudo",-53.2515,-29.6447,2020-03-10,1,0,0
"459","4300802","RS","Antônio Prado",-51.2883,-28.8565,2020-03-10,25,1,4
"460","4301206","RS","Arroio do Tigre",-53.0966,-29.3348,2020-03-10,14,0,0
"461","4301602","RS","Bagé",-54.0999,-31.3297,2020-03-10,4,1,25
"462","4301800","RS","Barracão",-51.4585,-27.6739,2020-03-10,1,0,0
"463","4302105","RS","Bento Gonçalves",-51.5165,-29.1662,2020-03-10,12,0,0
"464","4302204","RS","Boa Vista do Buricá",-54.1082,-27.6693,2020-03-10,1,0,0
"465","4302808","RS","Caçapava do Sul",-53.4827,-30.5144,2020-03-10,17,2,11.7647058823529
"466","4303509","RS","Camaquã",-51.8043,-30.8489,2020-03-10,3,0,0
"467","4304408","RS","Canela",-50.8119,-29.356,2020-03-10,4,0,0
"468","4304507","RS","Canguçu",-52.6783,-31.396,2020-03-10,22,2,9.09090909090909
"469","4305108","RS","Caxias do Sul",-51.1792,-29.1629,2020-03-10,455,55,12.0879120879121
"470","4306007","RS","Crissiumal",-54.0994,-27.4999,2020-03-10,2,0,0
"471","4306106","RS","Cruz Alta",-53.6048,-28.645,2020-03-10,8,2,25
"472","4306452","RS","Dois Lajeados",-51.8396,-28.983,2020-03-10,5,2,40
"473","4306809","RS","Encantado",-51.8703,-29.2351,2020-03-10,8,4,50
"474","4306932","RS","Entre-Ijuís",-54.2686,-28.3686,2020-03-10,1,0,0
"475","4307005","RS","Erechim",-52.2697,-27.6364,2020-03-10,485,101,20.8247422680412
"476","4307203","RS","Erval Grande",-52.574,-27.3926,2020-03-10,14,5,35.7142857142857
"477","4307500","RS","Espumoso",-52.8461,-28.7286,2020-03-10,12,6,50
"478","4307807","RS","Estrela",-51.9495,-29.5002,2020-03-10,3,0,0
"479","4308201","RS","Flores da Cunha",-51.1875,-29.0261,2020-03-10,15,4,26.6666666666667
"480","4308904","RS","Getúlio Vargas",-52.2294,-27.8911,2020-03-10,2,0,0
"481","4309308","RS","Guaíba",-51.3233,-30.1086,2020-03-10,11,0,0
"482","4309407","RS","Guaporé",-51.8895,-28.8399,2020-03-10,17,8,47.0588235294118
"483","4309506","RS","Guarani das Missões",-54.5629,-28.1491,2020-03-10,4,0,0
"484","4309605","RS","Horizontina",-54.3053,-27.6282,2020-03-10,1,0,0
"485","4310108","RS","Igrejinha",-50.7919,-29.5693,2020-03-10,14,0,0
"486","4310207","RS","Ijuí",-53.92,-28.388,2020-03-10,11,3,27.2727272727273
"487","4311007","RS","Jaguarão",-53.377,-32.5604,2020-03-10,2,0,0
"488","4311106","RS","Jaguari",-54.703,-29.4936,2020-03-10,1,0,0
"489","4311809","RS","Marau",-52.1986,-28.4498,2020-03-10,196,94,47.9591836734694
"490","4312401","RS","Montenegro",-51.4679,-29.6824,2020-03-10,10,2,20
"491","4312658","RS","Não-Me-Toque",-52.8182,-28.4548,2020-03-10,1,0,0
"492","4313300","RS","Nova Prata",-51.6113,-28.7799,2020-03-10,338,41,12.1301775147929
"493","4313409","RS","Novo Hamburgo",-51.1328,-29.6875,2020-03-10,2,0,0
"494","4313607","RS","Paim Filho",-51.763,-27.7075,2020-03-10,1,0,0
"495","4313904","RS","Panambi",-53.5023,-28.2833,2020-03-10,3,1,33.3333333333333
"496","4314100","RS","Passo Fundo",-52.4091,-28.2576,2020-03-10,431,104,24.1299303944316
"497","4314407","RS","Pelotas",-52.3371,-31.7649,2020-03-10,333,22,6.60660660660661
"498","4314902","RS","Porto Alegre",-51.2065,-30.0318,2020-03-10,643,59,9.17573872472784
"499","4315602","RS","Rio Grande",-52.1071,-32.0349,2020-03-10,13,2,15.3846153846154
"500","4315701","RS","Rio Pardo",-52.3711,-29.988,2020-03-10,4,0,0
"501","4316501","RS","Salvador do Sul",-51.5077,-29.4386,2020-03-10,2,1,50
"502","4316600","RS","Sananduva",-51.8079,-27.947,2020-03-10,16,6,37.5
"503","4316709","RS","Santa Bárbara do Sul",-53.251,-28.3653,2020-03-10,2,0,0
"504","4316808","RS","Santa Cruz do Sul",-52.4343,-29.722,2020-03-10,37,7,18.9189189189189
"505","4316907","RS","Santa Maria",-53.8149,-29.6868,2020-03-10,696,43,6.17816091954023
"506","4317202","RS","Santa Rosa",-54.4796,-27.8702,2020-03-10,30,5,16.6666666666667
"507","4317301","RS","Santa Vitória do Palmar",-53.3717,-33.525,2020-03-10,6,0,0
"508","4317400","RS","Santiago",-54.8666,-29.1897,2020-03-10,46,8,17.3913043478261
"509","4317509","RS","Santo Ângelo",-54.2668,-28.3001,2020-03-10,8,0,0
"510","4318309","RS","São Gabriel",-54.3217,-30.3337,2020-03-10,3,1,33.3333333333333
"511","4318424","RS","São João da Urtiga",-51.8257,-27.8195,2020-03-10,1,0,0
"512","4318804","RS","São Lourenço do Sul",-51.9715,-31.3564,2020-03-10,37,1,2.7027027027027
"513","4319000","RS","São Marcos",-51.0696,-28.9677,2020-03-10,11,2,18.1818181818182
"514","4321006","RS","Tapera",-52.8613,-28.6277,2020-03-10,4,1,25
"515","4321303","RS","Taquari",-51.8653,-29.7943,2020-03-10,1,0,0
"516","4321808","RS","Três de Maio",-54.2357,-27.78,2020-03-10,1,0,0
"517","4321907","RS","Três Passos",-53.9296,-27.4555,2020-03-10,3,0,0
"518","4322004","RS","Triunfo",-51.7075,-29.9291,2020-03-10,5,0,0
"519","4322301","RS","Tuparendi",-54.4814,-27.7598,2020-03-10,8,1,12.5
"520","4322509","RS","Vacaria",-50.9418,-28.5079,2020-03-10,4,0,0
"521","4323408","RS","Vila Maria",-52.1486,-28.5359,2020-03-10,3,0,0
"522","5002704","MS","Campo Grande",-54.6295,-20.4486,2020-03-10,6,0,0
"523","5003702","MS","Dourados",-54.812,-22.2231,2020-03-10,1484,283,19.0700808625337
"524","5004700","MS","Ivinhema",-53.8184,-22.3046,2020-03-10,6,2,33.3333333333333
"525","5008305","MS","Três Lagoas",-51.7007,-20.7849,2020-03-10,4,2,50
"526","5100250","MT","Alta Floresta",-56.0867,-9.86674,2020-03-10,2,0,0
"527","5101704","MT","Barra do Bugres",-57.1878,-15.0702,2020-03-10,7,0,0
"528","5101803","MT","Barra do Garças",-52.264,-15.8804,2020-03-10,17,1,5.88235294117647
"529","5102504","MT","Cáceres",-57.6818,-16.0764,2020-03-10,10,5,50
"530","5102678","MT","Campo Verde",-55.1626,-15.545,2020-03-10,8,0,0
"531","5103403","MT","Cuiabá",-56.0974,-15.601,2020-03-10,1676,671,40.035799522673
"532","5104104","MT","Guarantã do Norte",-54.9121,-9.96218,2020-03-10,9,4,44.4444444444444
"533","5105259","MT","Lucas do Rio Verde",-55.9042,-13.0588,2020-03-10,120,23,19.1666666666667
"534","5106224","MT","Nova Mutum",-56.0743,-13.8374,2020-03-10,31,19,61.2903225806452
"535","5107040","MT","Primavera do Leste",-54.2811,-15.544,2020-03-10,61,18,29.5081967213115
"536","5107602","MT","Rondonópolis",-54.6372,-16.4673,2020-03-10,343,135,39.3586005830904
"537","5107909","MT","Sinop",-55.5091,-11.8604,2020-03-10,110,47,42.7272727272727
"538","5107925","MT","Sorriso",-55.7211,-12.5425,2020-03-10,11,4,36.3636363636364
"539","5107958","MT","Tangará da Serra",-57.4933,-14.6229,2020-03-10,15,2,13.3333333333333
"540","5108402","MT","Várzea Grande",-56.1322,-15.6458,2020-03-10,86,47,54.6511627906977
"541","5201108","GO","Anápolis",-48.953,-16.3281,2020-03-10,137,1,0.72992700729927
"542","5203203","GO","Barro Alto",-48.9086,-14.9658,2020-03-10,11,0,0
"543","5205109","GO","Catalão",-47.944,-18.1656,2020-03-10,58,2,3.44827586206897
"544","5205406","GO","Ceres",-49.6,-15.3061,2020-03-10,2,0,0
"545","5208004","GO","Formosa",-47.337,-15.54,2020-03-10,70,7,10
"546","5208608","GO","Goianésia",-49.1162,-15.3118,2020-03-10,86,17,19.7674418604651
"547","5208707","GO","Goiânia",-49.2643,-16.6864,2020-03-10,12157,1973,16.2293328946286
"548","5211503","GO","Itumbiara",-49.2158,-18.4093,2020-03-10,247,48,19.4331983805668
"549","5211909","GO","Jataí",-51.7204,-17.8784,2020-03-10,18,3,16.6666666666667
"550","5212204","GO","Jussara",-50.8668,-15.8659,2020-03-10,14,3,21.4285714285714
"551","5212501","GO","Luziânia",-47.95,-16.253,2020-03-10,78,7,8.97435897435897
"552","5213103","GO","Mineiros",-52.5537,-17.5654,2020-03-10,3,1,33.3333333333333
"553","5213806","GO","Morrinhos",-49.1059,-17.7334,2020-03-10,34,8,23.5294117647059
"554","5215231","GO","Novo Gama",-48.0417,-16.0592,2020-03-10,139,40,28.7769784172662
"555","5215702","GO","Palmeiras de Goiás",-49.924,-16.8044,2020-03-10,12,0,0
"556","5217401","GO","Pires do Rio",-48.2768,-17.3019,2020-03-10,7,2,28.5714285714286
"557","5218508","GO","Quirinópolis",-50.4547,-18.4472,2020-03-10,17,4,23.5294117647059
"558","5218805","GO","Rio Verde",-50.9192,-17.7923,2020-03-10,613,269,43.8825448613377
"559","5221403","GO","Trindade",-49.4927,-16.6517,2020-03-10,38,3,7.89473684210526
"560","5300108","DF","Brasília",-47.9297,-15.7795,2020-03-10,1434,389,27.1269177126918
"561","1100023","RO","Ariquemes",-63.0325,-9.90571,2020-03-11,68,17,25
"562","1100049","RO","Cacoal",-61.4562,-11.4343,2020-03-11,150,18,12
"563","1100122","RO","Ji-Paraná",-61.9322,-10.8777,2020-03-11,215,27,12.5581395348837
"564","1100155","RO","Ouro Preto do Oeste",-62.2565,-10.7167,2020-03-11,105,15,14.2857142857143
"565","1100189","RO","Pimenta Bueno",-61.198,-11.672,2020-03-11,9,1,11.1111111111111
"566","1100205","RO","Porto Velho",-63.8999,-8.76077,2020-03-11,2638,1177,44.6171341925701
"567","1100288","RO","Rolim de Moura",-61.7714,-11.7271,2020-03-11,57,1,1.75438596491228
"568","1100304","RO","Vilhena",-60.1488,-12.7502,2020-03-11,131,27,20.6106870229008
"569","1302603","AM","Manaus",-60.0212,-3.11866,2020-03-11,2717,1252,46.0802355539198
"570","1400100","RR","Boa Vista",-60.6753,2.82384,2020-03-11,930,431,46.3440860215054
"571","1400308","RR","Mucajaí",-60.9096,2.43998,2020-03-11,296,164,55.4054054054054
"572","1500800","PA","Ananindeua",-48.3743,-1.36391,2020-03-11,219,130,59.3607305936073
"573","1501303","PA","Barcarena",-48.6195,-1.51187,2020-03-11,14,1,7.14285714285714
"574","1501402","PA","Belém",-48.4898,-1.4554,2020-03-11,6165,3310,53.6901865369019
"575","1502152","PA","Canaã dos Carajás",-49.8776,-6.49659,2020-03-11,246,178,72.3577235772358
"576","1503606","PA","Itaituba",-55.9926,-4.2667,2020-03-11,1,0,0
"577","1504208","PA","Marabá",-49.1327,-5.38075,2020-03-11,9,4,44.4444444444444
"578","1505304","PA","Oriximiná",-55.8579,-1.75989,2020-03-11,4,0,0
"579","1505536","PA","Parauapebas",-49.9037,-6.06781,2020-03-11,1279,855,66.8491008600469
"580","1506807","PA","Santarém",-54.6996,-2.43849,2020-03-11,12,1,8.33333333333333
"581","1508084","PA","Tucumã",-51.1626,-6.74687,2020-03-11,112,70,62.5
"582","1508100","PA","Tucuruí",-49.6773,-3.7657,2020-03-11,18,6,33.3333333333333
"583","1600303","AP","Macapá",-51.0694,0.034934,2020-03-11,244,75,30.7377049180328
"584","1600600","AP","Santana",-51.1729,-0.045434,2020-03-11,26,6,23.0769230769231
"585","1702109","TO","Araguaína",-48.2044,-7.19238,2020-03-11,18,2,11.1111111111111
"586","1709500","TO","Gurupi",-49.068,-11.7279,2020-03-11,8,0,0
"587","1721000","TO","Palmas",-48.3558,-10.24,2020-03-11,171,21,12.280701754386
"588","2100055","MA","Açailândia",-47.5004,-4.94714,2020-03-11,94,47,50
"589","2101202","MA","Bacabal",-44.7832,-4.22447,2020-03-11,3,1,33.3333333333333
"590","2105302","MA","Imperatriz",-47.4777,-5.51847,2020-03-11,68,31,45.5882352941176
"591","2111300","MA","São Luís",-44.2825,-2.53874,2020-03-11,3254,1807,55.5316533497234
"592","2208007","PI","Picos",-41.467,-7.07721,2020-03-11,28,1,3.57142857142857
"593","2211001","PI","Teresina",-42.8034,-5.09194,2020-03-11,2867,996,34.7401464945937
"594","2301109","CE","Aracati",-37.7679,-4.55826,2020-03-11,3,2,66.6666666666667
"595","2304103","CE","Crateús",-40.6536,-5.16768,2020-03-11,7,2,28.5714285714286
"596","2304400","CE","Fortaleza",-38.5423,-3.71664,2020-03-11,3970,1990,50.1259445843829
"597","2305506","CE","Iguatu",-39.2892,-6.36281,2020-03-11,4,1,25
"598","2306405","CE","Itapipoca",-39.5836,-3.49933,2020-03-11,57,13,22.8070175438596
"599","2307304","CE","Juazeiro do Norte",-39.3076,-7.19621,2020-03-11,63,19,30.1587301587302
"600","2307601","CE","Limoeiro do Norte",-38.0847,-5.14392,2020-03-11,56,18,32.1428571428571
"601","2312908","CE","Sobral",-40.3482,-3.68913,2020-03-11,151,60,39.7350993377483
"602","2313401","CE","Tianguá",-40.9923,-3.72965,2020-03-11,35,12,34.2857142857143
"603","2408003","RN","Mossoró",-37.3474,-5.18374,2020-03-11,252,101,40.0793650793651
"604","2408102","RN","Natal",-35.1986,-5.79357,2020-03-11,234,86,36.7521367521368
"605","2503209","PB","Cabedelo",-34.8284,-6.98731,2020-03-11,1,1,100
"606","2503704","PB","Cajazeiras",-38.5577,-6.88004,2020-03-11,21,0,0
"607","2504009","PB","Campina Grande",-35.8731,-7.22196,2020-03-11,619,295,47.6575121163166
"608","2507507","PB","João Pessoa",-34.8641,-7.11509,2020-03-11,1774,727,40.9808342728298
"609","2510808","PB","Patos",-37.2747,-7.01743,2020-03-11,102,25,24.5098039215686
"610","2600104","PE","Afogados da Ingazeira",-37.631,-7.74312,2020-03-11,1,0,0
"611","2602100","PE","Bom Conselho",-36.6857,-9.16919,2020-03-11,4,2,50
"612","2604007","PE","Carpina",-35.2514,-7.84566,2020-03-11,1,1,100
"613","2604106","PE","Caruaru",-35.9699,-8.28455,2020-03-11,794,333,41.9395465994962
"614","2606002","PE","Garanhuns",-36.4966,-8.88243,2020-03-11,160,47,29.375
"615","2606200","PE","Goiana",-34.9959,-7.5606,2020-03-11,184,99,53.804347826087
"616","2606606","PE","Ibimirim",-37.7032,-8.54026,2020-03-11,1,0,0
"617","2609600","PE","Olinda",-34.8545,-8.01017,2020-03-11,272,149,54.7794117647059
"618","2610905","PE","Pesqueira",-36.6978,-8.35797,2020-03-11,13,1,7.69230769230769
"619","2611101","PE","Petrolina",-40.5027,-9.38866,2020-03-11,67,10,14.9253731343284
"620","2611606","PE","Recife",-34.8771,-8.04666,2020-03-11,2693,1669,61.9754920163386
"621","2612208","PE","Salgueiro",-39.1247,-8.07373,2020-03-11,2,0,0
"622","2613701","PE","São Lourenço da Mata",-35.0124,-8.00684,2020-03-11,1,1,100
"623","2614501","PE","Surubim",-35.7481,-7.84746,2020-03-11,1,0,0
"624","2616407","PE","Vitória de Santo Antão",-35.2976,-8.12819,2020-03-11,18,8,44.4444444444444
"625","2700300","AL","Arapiraca",-36.6615,-9.75487,2020-03-11,2,1,50
"626","2704302","AL","Maceió",-35.735,-9.66599,2020-03-11,918,465,50.6535947712418
"627","2706307","AL","Palmeira dos Índios",-36.6328,-9.40568,2020-03-11,9,4,44.4444444444444
"628","2800308","SE","Aracaju",-37.0677,-10.9091,2020-03-11,465,98,21.0752688172043
"629","2802908","SE","Itabaiana",-37.4273,-10.6826,2020-03-11,6,4,66.6666666666667
"630","2803500","SE","Lagarto",-37.6689,-10.9136,2020-03-11,1,0,0
"631","2804409","SE","Neópolis",-36.585,-10.3215,2020-03-11,1,0,0
"632","2900702","BA","Alagoinhas",-38.4208,-12.1335,2020-03-11,321,73,22.7414330218069
"633","2903904","BA","Bom Jesus da Lapa",-43.4108,-13.2506,2020-03-11,6,0,0
"634","2904100","BA","Boquira",-42.7324,-12.8205,2020-03-11,2,0,0
"635","2905701","BA","Camaçari",-38.3263,-12.6996,2020-03-11,82,46,56.0975609756098
"636","2907806","BA","Cícero Dantas",-38.3794,-10.5897,2020-03-11,1,0,0
"637","2910727","BA","Eunápolis",-39.5821,-16.3715,2020-03-11,135,67,49.6296296296296
"638","2910800","BA","Feira de Santana",-38.9663,-12.2664,2020-03-11,1195,444,37.1548117154812
"639","2911709","BA","Guanambi",-42.7799,-14.2231,2020-03-11,29,1,3.44827586206897
"640","2913903","BA","Ipiaú",-39.7353,-14.1226,2020-03-11,280,102,36.4285714285714
"641","2914604","BA","Irecê",-41.8535,-11.3033,2020-03-11,1,0,0
"642","2916401","BA","Itapetinga",-40.2482,-15.2475,2020-03-11,77,22,28.5714285714286
"643","2917508","BA","Jacobina",-40.5117,-11.1812,2020-03-11,25,5,20
"644","2918001","BA","Jequié",-40.0877,-13.8509,2020-03-11,23,5,21.7391304347826
"645","2918803","BA","Laje",-39.4213,-13.1673,2020-03-11,56,20,35.7142857142857
"646","2919553","BA","Luís Eduardo Magalhães",-45.7866,-12.0956,2020-03-11,35,9,25.7142857142857
"647","2922003","BA","Mucuri",-39.5565,-18.0754,2020-03-11,19,3,15.7894736842105
"648","2926608","BA","Ribeira do Pombal",-38.5382,-10.8373,2020-03-11,1,0,0
"649","2927408","BA","Salvador",-38.5011,-12.9718,2020-03-11,1609,583,36.2336855189559
"650","2928703","BA","Santo Antônio de Jesus",-39.2584,-12.9614,2020-03-11,96,24,25
"651","2930501","BA","Serrinha",-39.01,-11.6584,2020-03-11,11,3,27.2727272727273
"652","2930709","BA","Simões Filho",-38.4029,-12.7866,2020-03-11,5,4,80
"653","2931350","BA","Teixeira de Freitas",-39.74,-17.5399,2020-03-11,3,2,66.6666666666667
"654","2932903","BA","Valença",-39.073,-13.3669,2020-03-11,3,2,66.6666666666667
"655","2933307","BA","Vitória da Conquista",-40.8442,-14.8615,2020-03-11,410,40,9.75609756097561
"656","3101003","MG","Águas Vermelhas",-41.4571,-15.7431,2020-03-11,21,5,23.8095238095238
"657","3101508","MG","Além Paraíba",-42.7176,-21.8797,2020-03-11,63,11,17.4603174603175
"658","3101607","MG","Alfenas",-45.9477,-21.4256,2020-03-11,37,3,8.10810810810811
"659","3101706","MG","Almenara",-40.6942,-16.1785,2020-03-11,11,1,9.09090909090909
"660","3103405","MG","Araçuaí",-42.0637,-16.8523,2020-03-11,19,1,5.26315789473684
"661","3103504","MG","Araguari",-48.1934,-18.6456,2020-03-11,146,19,13.013698630137
"662","3103751","MG","Araporã",-49.1847,-18.4357,2020-03-11,1,0,0
"663","3104007","MG","Araxá",-46.9438,-19.5902,2020-03-11,109,10,9.1743119266055
"664","3104205","MG","Arcos",-45.5373,-20.2863,2020-03-11,71,2,2.8169014084507
"665","3105608","MG","Barbacena",-43.7703,-21.2214,2020-03-11,15,3,20
"666","3106200","MG","Belo Horizonte",-43.9266,-19.9102,2020-03-11,3619,531,14.6725614810721
"667","3106705","MG","Betim",-44.2008,-19.9668,2020-03-11,571,167,29.2469352014011
"668","3111200","MG","Campo Belo",-45.2699,-20.8932,2020-03-11,12,3,25
"669","3112307","MG","Capelinha",-42.5147,-17.6888,2020-03-11,14,0,0
"670","3112505","MG","Capim Branco",-44.1304,-19.5471,2020-03-11,2,0,0
"671","3112901","MG","Caputira",-42.2683,-20.1703,2020-03-11,1,0,0
"672","3113305","MG","Carangola",-42.0313,-20.7343,2020-03-11,19,1,5.26315789473684
"673","3113404","MG","Caratinga",-42.1292,-19.7868,2020-03-11,1,0,0
"674","3115300","MG","Cataguases",-42.6896,-21.3924,2020-03-11,35,0,0
"675","3115508","MG","Caxambu",-44.9319,-21.9753,2020-03-11,5,2,40
"676","3116605","MG","Cláudio",-44.7673,-20.4437,2020-03-11,1,0,0
"677","3117504","MG","Conceição do Mato Dentro",-43.4221,-19.0344,2020-03-11,25,0,0
"678","3118304","MG","Conselheiro Lafaiete",-43.7846,-20.6634,2020-03-11,129,26,20.1550387596899
"679","3118601","MG","Contagem",-44.0539,-19.9321,2020-03-11,576,165,28.6458333333333
"680","3118908","MG","Cordisburgo",-44.3224,-19.1224,2020-03-11,1,0,0
"681","3119401","MG","Coronel Fabriciano",-42.6276,-19.5179,2020-03-11,1201,137,11.4071606994172
"682","3120805","MG","Cruzília",-44.8067,-21.84,2020-03-11,1,0,0
"683","3120904","MG","Curvelo",-44.4303,-18.7527,2020-03-11,47,6,12.7659574468085
"684","3121605","MG","Diamantina",-43.6031,-18.2413,2020-03-11,8,0,0
"685","3121704","MG","Diogo de Vasconcelos",-43.1953,-20.4879,2020-03-11,1,0,0
"686","3122009","MG","Divino",-42.1438,-20.6134,2020-03-11,1,1,100
"687","3122306","MG","Divinópolis",-44.8912,-20.1446,2020-03-11,392,59,15.0510204081633
"688","3123908","MG","Entre Rios de Minas",-44.0654,-20.6706,2020-03-11,2,0,0
"689","3125101","MG","Extrema",-46.3178,-22.854,2020-03-11,69,22,31.8840579710145
"690","3126109","MG","Formiga",-45.4268,-20.4618,2020-03-11,396,42,10.6060606060606
"691","3127701","MG","Governador Valadares",-41.9555,-18.8545,2020-03-11,350,110,31.4285714285714
"692","3129806","MG","Ibirité",-44.0569,-20.0252,2020-03-11,2,0,0
"693","3131208","MG","Ipanema",-41.7164,-19.7992,2020-03-11,103,12,11.6504854368932
"694","3131307","MG","Ipatinga",-42.5476,-19.4703,2020-03-11,1291,295,22.85050348567
"695","3131703","MG","Itabira",-43.2312,-19.6239,2020-03-11,156,9,5.76923076923077
"696","3131901","MG","Itabirito",-43.8038,-20.2501,2020-03-11,2,0,0
"697","3132404","MG","Itajubá",-45.4598,-22.4225,2020-03-11,53,3,5.66037735849057
"698","3132503","MG","Itamarandiba",-42.8561,-17.8552,2020-03-11,4,0,0
"699","3133006","MG","Itamonte",-44.868,-22.2859,2020-03-11,27,2,7.40740740740741
"700","3133105","MG","Itanhandu",-44.9382,-22.2942,2020-03-11,14,2,14.2857142857143
"701","3133303","MG","Itaobim",-41.5017,-16.5571,2020-03-11,10,1,10
"702","3133758","MG","Itaú de Minas",-46.7525,-20.7375,2020-03-11,1,0,0
"703","3133808","MG","Itaúna",-44.5801,-20.0818,2020-03-11,14,2,14.2857142857143
"704","3134202","MG","Ituiutaba",-49.4639,-18.9772,2020-03-11,250,24,9.6
"705","3135803","MG","Jequitinhonha",-41.0117,-16.4375,2020-03-11,7,1,14.2857142857143
"706","3136207","MG","João Monlevade",-43.1735,-19.8126,2020-03-11,17,3,17.6470588235294
"707","3136652","MG","Juatuba",-44.3451,-19.9448,2020-03-11,1,0,0
"708","3136702","MG","Juiz de Fora",-43.3398,-21.7595,2020-03-11,651,93,14.2857142857143
"709","3137205","MG","Lagoa da Prata",-45.5401,-20.0237,2020-03-11,62,12,19.3548387096774
"710","3137601","MG","Lagoa Santa",-43.8932,-19.6397,2020-03-11,38,4,10.5263157894737
"711","3138203","MG","Lavras",-45.0009,-21.248,2020-03-11,167,24,14.3712574850299
"712","3138401","MG","Leopoldina",-42.6421,-21.5296,2020-03-11,81,31,38.2716049382716
"713","3138807","MG","Luz",-45.6794,-19.7911,2020-03-11,53,4,7.54716981132075
"714","3139409","MG","Manhuaçu",-42.028,-20.2572,2020-03-11,194,32,16.4948453608247
"715","3139706","MG","Maravilhas",-44.6779,-19.5076,2020-03-11,1,0,0
"716","3140001","MG","Mariana",-43.414,-20.3765,2020-03-11,34,0,0
"717","3140704","MG","Mateus Leme",-44.4318,-19.9794,2020-03-11,1,0,0
"718","3141108","MG","Matozinhos",-44.0868,-19.5543,2020-03-11,5,0,0
"719","3142205","MG","Miraí",-42.6122,-21.2021,2020-03-11,11,4,36.3636363636364
"720","3143302","MG","Montes Claros",-43.8578,-16.7282,2020-03-11,92,11,11.9565217391304
"721","3143401","MG","Monte Sião",-46.573,-22.4335,2020-03-11,7,0,0
"722","3143906","MG","Muriaé",-42.3693,-21.13,2020-03-11,74,22,29.7297297297297
"723","3144003","MG","Mutum",-41.4407,-19.8121,2020-03-11,598,150,25.0836120401338
"724","3144300","MG","Nanuque",-40.3533,-17.8481,2020-03-11,20,12,60
"725","3144607","MG","Nepomuceno",-45.235,-21.2324,2020-03-11,2,1,50
"726","3144805","MG","Nova Lima",-43.8509,-19.9758,2020-03-11,824,155,18.8106796116505
"727","3145604","MG","Oliveira",-44.829,-20.6982,2020-03-11,15,0,0
"728","3145901","MG","Ouro Branco",-43.6962,-20.5263,2020-03-11,14,0,0
"729","3146107","MG","Ouro Preto",-43.512,-20.3796,2020-03-11,3,0,0
"730","3147006","MG","Paracatu",-46.8711,-17.2252,2020-03-11,30,3,10
"731","3147105","MG","Pará de Minas",-44.6114,-19.8534,2020-03-11,37,2,5.40540540540541
"732","3147600","MG","Passa Quatro",-44.9709,-22.3871,2020-03-11,3,0,0
"733","3147907","MG","Passos",-46.609,-20.7193,2020-03-11,46,8,17.3913043478261
"734","3148004","MG","Patos de Minas",-46.5013,-18.5699,2020-03-11,274,34,12.4087591240876
"735","3148103","MG","Patrocínio",-46.9934,-18.9379,2020-03-11,61,15,24.5901639344262
"736","3149002","MG","Pedra Dourada",-42.1515,-20.8266,2020-03-11,1,1,100
"737","3149309","MG","Pedro Leopoldo",-44.0383,-19.6308,2020-03-11,3,0,0
"738","3149903","MG","Perdões",-45.0896,-21.0932,2020-03-11,2,0,0
"739","3150604","MG","Piracema",-44.4783,-20.5089,2020-03-11,3,0,0
"740","3151107","MG","Pirapetinga",-42.3434,-21.6554,2020-03-11,124,7,5.64516129032258
"741","3151800","MG","Poços de Caldas",-46.5692,-21.78,2020-03-11,13,1,7.69230769230769
"742","3152105","MG","Ponte Nova",-42.8978,-20.4111,2020-03-11,81,8,9.87654320987654
"743","3152501","MG","Pouso Alegre",-45.9389,-22.2266,2020-03-11,206,47,22.8155339805825
"744","3152600","MG","Pouso Alto",-44.9748,-22.1964,2020-03-11,2,0,0
"745","3153400","MG","Presidente Olegário",-46.4165,-18.4096,2020-03-11,3,0,0
"746","3153608","MG","Prudente de Morais",-44.1591,-19.4742,2020-03-11,2,2,100
"747","3154606","MG","Ribeirão das Neves",-44.0844,-19.7621,2020-03-11,4,0,0
"748","3156700","MG","Sabará",-43.8263,-19.884,2020-03-11,2,0,0
"749","3157005","MG","Salinas",-42.2964,-16.1753,2020-03-11,2,1,50
"750","3157906","MG","Santa Margarida",-42.2519,-20.3839,2020-03-11,2,1,50
"751","3159605","MG","Santa Rita do Sapucaí",-45.7034,-22.2461,2020-03-11,30,1,3.33333333333333
"752","3159803","MG","Santa Vitória",-50.1208,-18.8414,2020-03-11,3,1,33.3333333333333
"753","3160702","MG","Santos Dumont",-43.5499,-21.4634,2020-03-11,3,0,0
"754","3162500","MG","São João del Rei",-44.2526,-21.1311,2020-03-11,72,18,25
"755","3164704","MG","São Sebastião do Paraíso",-46.9837,-20.9167,2020-03-11,70,4,5.71428571428571
"756","3165008","MG","São Tiago",-44.5098,-20.9075,2020-03-11,3,0,0
"757","3165305","MG","São Vicente de Minas",-44.4431,-21.7042,2020-03-11,17,4,23.5294117647059
"758","3166808","MG","Serra do Salitre",-46.6961,-19.1083,2020-03-11,4,0,0
"759","3167202","MG","Sete Lagoas",-44.2413,-19.4569,2020-03-11,420,21,5
"760","3168002","MG","Taiobeiras",-42.2259,-15.8106,2020-03-11,2,0,0
"761","3168408","MG","Tarumirim",-42.0097,-19.2835,2020-03-11,1,0,0
"762","3168606","MG","Teófilo Otoni",-41.5087,-17.8595,2020-03-11,123,37,30.0813008130081
"763","3168705","MG","Timóteo",-42.6471,-19.5811,2020-03-11,27,11,40.7407407407407
"764","3169356","MG","Três Marias",-45.2473,-18.2048,2020-03-11,7,0,0
"765","3169406","MG","Três Pontas",-45.5109,-21.3694,2020-03-11,2,0,0
"766","3169901","MG","Ubá",-42.9359,-21.1204,2020-03-11,28,8,28.5714285714286
"767","3170107","MG","Uberaba",-47.9381,-19.7472,2020-03-11,533,103,19.3245778611632
"768","3170206","MG","Uberlândia",-48.2749,-18.9141,2020-03-11,817,264,32.3133414932681
"769","3170404","MG","Unaí",-46.9022,-16.3592,2020-03-11,29,11,37.9310344827586
"770","3170701","MG","Varginha",-45.4364,-21.5556,2020-03-11,52,7,13.4615384615385
"771","3171303","MG","Viçosa",-42.8742,-20.7559,2020-03-11,17,1,5.88235294117647
"772","3200508","ES","Apiacá",-41.5693,-21.1523,2020-03-11,1,0,0
"773","3200607","ES","Aracruz",-40.2764,-19.82,2020-03-11,15,6,40
"774","3201209","ES","Cachoeiro de Itapemirim",-41.1198,-20.8462,2020-03-11,216,114,52.7777777777778
"775","3201308","ES","Cariacica",-40.4165,-20.2632,2020-03-11,2,1,50
"776","3201407","ES","Castelo",-41.2031,-20.6033,2020-03-11,1,0,0
"777","3201506","ES","Colatina",-40.6269,-19.5493,2020-03-11,237,96,40.5063291139241
"778","3203205","ES","Linhares",-40.0643,-19.3946,2020-03-11,15,4,26.6666666666667
"779","3203502","ES","Montanha",-40.3668,-18.1303,2020-03-11,2,0,0
"780","3204005","ES","Pancas",-40.8534,-19.2229,2020-03-11,1,0,0
"781","3204807","ES","São José do Calçado",-41.6636,-21.0274,2020-03-11,2,0,0
"782","3204906","ES","São Mateus",-39.8579,-18.7214,2020-03-11,17,4,23.5294117647059
"783","3205002","ES","Serra",-40.3074,-20.121,2020-03-11,1,1,100
"784","3205101","ES","Viana",-40.4933,-20.3825,2020-03-11,1,0,0
"785","3205200","ES","Vila Velha",-40.2875,-20.3417,2020-03-11,4,0,0
"786","3205309","ES","Vitória",-40.3128,-20.3155,2020-03-11,1340,402,30
"787","3300100","RJ","Angra dos Reis",-44.3196,-23.0011,2020-03-11,3,2,66.6666666666667
"788","3300209","RJ","Araruama",-42.3326,-22.8697,2020-03-11,3,0,0
"789","3300407","RJ","Barra Mansa",-44.1752,-22.5481,2020-03-11,340,137,40.2941176470588
"790","3300456","RJ","Belford Roxo",-43.3992,-22.764,2020-03-11,91,39,42.8571428571429
"791","3300605","RJ","Bom Jesus do Itabapoana",-41.6822,-21.1449,2020-03-11,1,0,0
"792","3300704","RJ","Cabo Frio",-42.0286,-22.8894,2020-03-11,315,206,65.3968253968254
"793","3301009","RJ","Campos dos Goytacazes",-41.3181,-21.7622,2020-03-11,651,167,25.652841781874
"794","3301405","RJ","Conceição de Macabu",-41.8719,-22.0834,2020-03-11,27,7,25.9259259259259
"795","3301504","RJ","Cordeiro",-42.3648,-22.0267,2020-03-11,5,1,20
"796","3301702","RJ","Duque de Caxias",-43.3049,-22.7858,2020-03-11,241,87,36.0995850622407
"797","3301900","RJ","Itaboraí",-42.8639,-22.7565,2020-03-11,91,45,49.4505494505495
"798","3302007","RJ","Itaguaí",-43.7798,-22.8636,2020-03-11,3,3,100
"799","3302056","RJ","Italva",-41.7014,-21.4296,2020-03-11,1,1,100
"800","3302205","RJ","Itaperuna",-41.8799,-21.1997,2020-03-11,819,389,47.4969474969475
"801","3302270","RJ","Japeri",-43.6602,-22.6435,2020-03-11,4,2,50
"802","3302403","RJ","Macaé",-41.7848,-22.3768,2020-03-11,77,9,11.6883116883117
"803","3302502","RJ","Magé",-43.0315,-22.6632,2020-03-11,17,8,47.0588235294118
"804","3302601","RJ","Mangaratiba",-44.0409,-22.9594,2020-03-11,1,1,100
"805","3302700","RJ","Maricá",-42.8246,-22.9354,2020-03-11,15,4,26.6666666666667
"806","3302858","RJ","Mesquita",-43.4601,-22.8028,2020-03-11,60,24,40
"807","3302908","RJ","Miguel Pereira",-43.4803,-22.4572,2020-03-11,1,0,0
"808","3303104","RJ","Natividade",-41.9697,-21.039,2020-03-11,1,0,0
"809","3303203","RJ","Nilópolis",-43.4233,-22.8057,2020-03-11,61,27,44.2622950819672
"810","3303302","RJ","Niterói",-43.1034,-22.8832,2020-03-11,1067,550,51.5463917525773
"811","3303401","RJ","Nova Friburgo",-42.5377,-22.2932,2020-03-11,2,1,50
"812","3303500","RJ","Nova Iguaçu",-43.4603,-22.7556,2020-03-11,1362,563,41.3362701908957
"813","3303609","RJ","Paracambi",-43.7108,-22.6078,2020-03-11,10,3,30
"814","3303906","RJ","Petrópolis",-43.1926,-22.52,2020-03-11,1,1,100
"815","3303955","RJ","Pinheiral",-44.0022,-22.5172,2020-03-11,1,0,0
"816","3304144","RJ","Queimados",-43.5518,-22.7102,2020-03-11,10,5,50
"817","3304151","RJ","Quissamã",-41.4693,-22.1031,2020-03-11,2,0,0
"818","3304201","RJ","Resende",-44.4509,-22.4705,2020-03-11,112,18,16.0714285714286
"819","3304300","RJ","Rio Bonito",-42.6276,-22.7181,2020-03-11,8,2,25
"820","3304524","RJ","Rio das Ostras",-41.9475,-22.5174,2020-03-11,58,35,60.3448275862069
"821","3304557","RJ","Rio de Janeiro",-43.2003,-22.9129,2020-03-11,10527,4544,43.1651942623729
"822","3304607","RJ","Santa Maria Madalena",-42.0098,-21.9547,2020-03-11,1,0,0
"823","3304706","RJ","Santo Antônio de Pádua",-42.1832,-21.541,2020-03-11,1,0,0
"824","3304904","RJ","São Gonçalo",-43.0634,-22.8268,2020-03-11,725,398,54.8965517241379
"825","3305000","RJ","São João da Barra",-41.0446,-21.638,2020-03-11,4,1,25
"826","3305109","RJ","São João de Meriti",-43.3729,-22.8058,2020-03-11,87,32,36.7816091954023
"827","3305505","RJ","Saquarema",-42.5099,-22.9292,2020-03-11,4,3,75
"828","3305554","RJ","Seropédica",-43.7155,-22.7526,2020-03-11,3,1,33.3333333333333
"829","3305752","RJ","Tanguá",-42.7202,-22.7423,2020-03-11,2,1,50
"830","3305802","RJ","Teresópolis",-42.9752,-22.4165,2020-03-11,1,0,0
"831","3306008","RJ","Três Rios",-43.2185,-22.1165,2020-03-11,5,0,0
"832","3306107","RJ","Valença",-43.7129,-22.2445,2020-03-11,7,2,28.5714285714286
"833","3306206","RJ","Vassouras",-43.6686,-22.4059,2020-03-11,6,0,0
"834","3306305","RJ","Volta Redonda",-44.0996,-22.5202,2020-03-11,1157,433,37.4243733794296
"835","3501608","SP","Americana",-47.3331,-22.7374,2020-03-11,135,25,18.5185185185185
"836","3501707","SP","Américo Brasiliense",-48.1147,-21.7288,2020-03-11,4,0,0
"837","3501905","SP","Amparo",-46.772,-22.7088,2020-03-11,81,25,30.8641975308642
"838","3502804","SP","Araçatuba",-50.4401,-21.2076,2020-03-11,354,66,18.6440677966102
"839","3503208","SP","Araraquara",-48.178,-21.7845,2020-03-11,55,8,14.5454545454545
"840","3503901","SP","Arujá",-46.32,-23.3965,2020-03-11,12,5,41.6666666666667
"841","3504008","SP","Assis",-50.4183,-22.66,2020-03-11,17,0,0
"842","3504107","SP","Atibaia",-46.5563,-23.1171,2020-03-11,208,45,21.6346153846154
"843","3504503","SP","Avaré",-48.9251,-23.1067,2020-03-11,28,2,7.14285714285714
"844","3505500","SP","Barretos",-48.5698,-20.5531,2020-03-11,7,2,28.5714285714286
"845","3505708","SP","Barueri",-46.879,-23.5057,2020-03-11,1152,499,43.3159722222222
"846","3506003","SP","Bauru",-49.0871,-22.3246,2020-03-11,64,25,39.0625
"847","3506508","SP","Birigui",-50.3432,-21.291,2020-03-11,82,18,21.9512195121951
"848","3507605","SP","Bragança Paulista",-46.5419,-22.9527,2020-03-11,470,129,27.4468085106383
"849","3507803","SP","Brodowski",-47.6572,-20.9845,2020-03-11,2,1,50
"850","3508504","SP","Caçapava",-45.7076,-23.0992,2020-03-11,33,9,27.2727272727273
"851","3509007","SP","Caieiras",-46.7397,-23.3607,2020-03-11,8,1,12.5
"852","3509205","SP","Cajamar",-46.8781,-23.355,2020-03-11,2,0,0
"853","3509502","SP","Campinas",-47.0659,-22.9053,2020-03-11,1678,456,27.1752085816448
"854","3510005","SP","Cândido Mota",-50.3873,-22.7471,2020-03-11,18,3,16.6666666666667
"855","3510203","SP","Capão Bonito",-48.3482,-24.0113,2020-03-11,2,0,0
"856","3510401","SP","Capivari",-47.5071,-22.9951,2020-03-11,28,4,14.2857142857143
"857","3510500","SP","Caraguatatuba",-45.4125,-23.6125,2020-03-11,89,27,30.3370786516854
"858","3510609","SP","Carapicuíba",-46.8407,-23.5235,2020-03-11,48,14,29.1666666666667
"859","3511102","SP","Catanduva",-48.977,-21.1314,2020-03-11,13,2,15.3846153846154
"860","3511409","SP","Cerqueira César",-49.1655,-23.038,2020-03-11,6,3,50
"861","3512001","SP","Colina",-48.5387,-20.7114,2020-03-11,1,0,0
"862","3512308","SP","Conchas",-48.0134,-23.0154,2020-03-11,7,2,28.5714285714286
"863","3512803","SP","Cosmópolis",-47.1926,-22.6419,2020-03-11,121,16,13.2231404958678
"864","3513009","SP","Cotia",-46.919,-23.6022,2020-03-11,47,14,29.7872340425532
"865","3513108","SP","Cravinhos",-47.7324,-21.338,2020-03-11,1,0,0
"866","3513405","SP","Cruzeiro",-44.969,-22.5728,2020-03-11,80,8,10
"867","3513504","SP","Cubatão",-46.424,-23.8911,2020-03-11,842,556,66.0332541567696
"868","3513801","SP","Diadema",-46.6205,-23.6813,2020-03-11,22,3,13.6363636363636
"869","3514106","SP","Dois Córregos",-48.3819,-22.3673,2020-03-11,2,1,50
"870","3514403","SP","Dracena",-51.535,-21.4843,2020-03-11,131,15,11.4503816793893
"871","3515004","SP","Embu das Artes",-46.8579,-23.6437,2020-03-11,29,7,24.1379310344828
"872","3515707","SP","Ferraz de Vasconcelos",-46.371,-23.5411,2020-03-11,8,2,25
"873","3516200","SP","Franca",-47.4039,-20.5352,2020-03-11,13,0,0
"874","3516309","SP","Francisco Morato",-46.7448,-23.2792,2020-03-11,1,0,0
"875","3516408","SP","Franco da Rocha",-46.729,-23.3229,2020-03-11,2,0,0
"876","3516705","SP","Garça",-49.6546,-22.2125,2020-03-11,30,3,10
"877","3518206","SP","Guararapes",-50.6453,-21.2544,2020-03-11,4,3,75
"878","3518404","SP","Guaratinguetá",-45.1938,-22.8075,2020-03-11,63,7,11.1111111111111
"879","3518701","SP","Guarujá",-46.258,-23.9888,2020-03-11,784,298,38.0102040816327
"880","3518800","SP","Guarulhos",-46.5333,-23.4538,2020-03-11,160,44,27.5
"881","3520103","SP","Igarapava",-47.7466,-20.0407,2020-03-11,4,0,0
"882","3520202","SP","Igaratá",-46.157,-23.2037,2020-03-11,11,1,9.09090909090909
"883","3520301","SP","Iguape",-47.5537,-24.699,2020-03-11,1376,353,25.6540697674419
"884","3520442","SP","Ilha Solteira",-51.3426,-20.4326,2020-03-11,1,0,0
"885","3522208","SP","Itapecerica da Serra",-46.8572,-23.7161,2020-03-11,2,2,100
"886","3522307","SP","Itapetininga",-48.0483,-23.5886,2020-03-11,192,28,14.5833333333333
"887","3522505","SP","Itapevi",-46.9327,-23.5488,2020-03-11,4,1,25
"888","3522604","SP","Itapira",-46.8224,-22.4357,2020-03-11,212,24,11.3207547169811
"889","3522703","SP","Itápolis",-48.8149,-21.5942,2020-03-11,4,2,50
"890","3523107","SP","Itaquaquecetuba",-46.3457,-23.4835,2020-03-11,4,1,25
"891","3523909","SP","Itu",-47.2927,-23.2544,2020-03-11,23,5,21.7391304347826
"892","3524006","SP","Itupeva",-47.0593,-23.1526,2020-03-11,1,0,0
"893","3524105","SP","Ituverava",-47.7902,-20.3355,2020-03-11,84,10,11.9047619047619
"894","3524204","SP","Jaborandi",-48.4112,-20.6884,2020-03-11,7,7,100
"895","3524303","SP","Jaboticabal",-48.3252,-21.252,2020-03-11,90,37,41.1111111111111
"896","3524402","SP","Jacareí",-45.9658,-23.2983,2020-03-11,214,58,27.1028037383178
"897","3524709","SP","Jaguariúna",-46.9851,-22.7037,2020-03-11,17,4,23.5294117647059
"898","3524808","SP","Jales",-50.5494,-20.2672,2020-03-11,19,4,21.0526315789474
"899","3525003","SP","Jandira",-46.9023,-23.5275,2020-03-11,25,10,40
"900","3525300","SP","Jaú",-48.5592,-22.2936,2020-03-11,124,19,15.3225806451613
"901","3525904","SP","Jundiaí",-46.8974,-23.1852,2020-03-11,48,5,10.4166666666667
"902","3526001","SP","Junqueirópolis",-51.4342,-21.5103,2020-03-11,2,1,50
"903","3526407","SP","Laranjal Paulista",-47.8375,-23.0506,2020-03-11,3,0,0
"904","3526803","SP","Lençóis Paulista",-48.8037,-22.6027,2020-03-11,934,256,27.4089935760171
"905","3526902","SP","Limeira",-47.397,-22.566,2020-03-11,48,35,72.9166666666667
"906","3527207","SP","Lorena",-45.1197,-22.7334,2020-03-11,95,20,21.0526315789474
"907","3528601","SP","Manduri",-49.3202,-23.0056,2020-03-11,14,2,14.2857142857143
"908","3529005","SP","Marília",-49.9501,-22.2171,2020-03-11,455,62,13.6263736263736
"909","3529302","SP","Matão",-48.364,-21.6025,2020-03-11,41,5,12.1951219512195
"910","3529401","SP","Mauá",-46.4613,-23.6677,2020-03-11,332,104,31.3253012048193
"911","3530508","SP","Mococa",-47.0024,-21.4647,2020-03-11,18,1,5.55555555555556
"912","3530607","SP","Mogi das Cruzes",-46.1854,-23.5208,2020-03-11,165,58,35.1515151515151
"913","3530706","SP","Mogi Guaçu",-46.9428,-22.3675,2020-03-11,380,86,22.6315789473684
"914","3531308","SP","Monte Alto",-48.4971,-21.2655,2020-03-11,67,26,38.8059701492537
"915","3533908","SP","Olímpia",-48.9106,-20.7366,2020-03-11,90,23,25.5555555555556
"916","3534401","SP","Osasco",-46.7916,-23.5324,2020-03-11,82,24,29.2682926829268
"917","3534708","SP","Ourinhos",-49.8697,-22.9797,2020-03-11,85,23,27.0588235294118
"918","3536505","SP","Paulínia",-47.1488,-22.7542,2020-03-11,88,22,25
"919","3537305","SP","Penápolis",-50.0769,-21.4148,2020-03-11,2,0,0
"920","3538006","SP","Pindamonhangaba",-45.4613,-22.9246,2020-03-11,19,4,21.0526315789474
"921","3538709","SP","Piracicaba",-47.6476,-22.7338,2020-03-11,318,62,19.4968553459119
"922","3538808","SP","Piraju",-49.3803,-23.1981,2020-03-11,2,0,0
"923","3539806","SP","Poá",-46.3473,-23.5333,2020-03-11,5,0,0
"924","3540002","SP","Pompéia",-50.176,-22.107,2020-03-11,6,0,0
"925","3540705","SP","Porto Ferreira",-47.487,-21.8498,2020-03-11,13,2,15.3846153846154
"926","3541000","SP","Praia Grande",-46.4121,-24.0084,2020-03-11,18,3,16.6666666666667
"927","3541406","SP","Presidente Prudente",-51.3925,-22.1207,2020-03-11,170,37,21.7647058823529
"928","3541604","SP","Promissão",-49.8599,-21.5356,2020-03-11,1,0,0
"929","3542206","SP","Rancharia",-50.893,-22.2269,2020-03-11,3,0,0
"930","3542602","SP","Registro",-47.8449,-24.4979,2020-03-11,180,30,16.6666666666667
"931","3543303","SP","Ribeirão Pires",-46.4058,-23.7067,2020-03-11,4,0,0
"932","3543402","SP","Ribeirão Preto",-47.8099,-21.1699,2020-03-11,1055,169,16.0189573459716
"933","3543907","SP","Rio Claro",-47.5546,-22.3984,2020-03-11,54,7,12.962962962963
"934","3547304","SP","Santana de Parnaíba",-46.9178,-23.4439,2020-03-11,1,0,0
"935","3547809","SP","Santo André",-46.5432,-23.6737,2020-03-11,263,49,18.6311787072243
"936","3548500","SP","Santos",-46.335,-23.9535,2020-03-11,2666,905,33.9459864966242
"937","3548708","SP","São Bernardo do Campo",-46.5646,-23.6914,2020-03-11,618,335,54.2071197411003
"938","3548807","SP","São Caetano do Sul",-46.5548,-23.6229,2020-03-11,1287,253,19.6581196581197
"939","3548906","SP","São Carlos",-47.886,-22.0174,2020-03-11,7,0,0
"940","3549102","SP","São João da Boa Vista",-46.7944,-21.9707,2020-03-11,83,17,20.4819277108434
"941","3549409","SP","São Joaquim da Barra",-47.8593,-20.5812,2020-03-11,52,13,25
"942","3549706","SP","São José do Rio Pardo",-46.8873,-21.5953,2020-03-11,118,26,22.0338983050847
"943","3549805","SP","São José do Rio Preto",-49.3758,-20.8113,2020-03-11,97,22,22.680412371134
"944","3549904","SP","São José dos Campos",-45.8841,-23.1896,2020-03-11,2166,521,24.0535549399815
"945","3550308","SP","São Paulo",-46.6395,-23.5329,2020-03-11,12307,5620,45.6650686601121
"946","3550605","SP","São Roque",-47.1357,-23.5226,2020-03-11,6,2,33.3333333333333
"947","3550704","SP","São Sebastião",-45.4143,-23.7951,2020-03-11,101,8,7.92079207920792
"948","3551009","SP","São Vicente",-46.3883,-23.9574,2020-03-11,61,40,65.5737704918033
"949","3551702","SP","Sertãozinho",-47.9875,-21.1316,2020-03-11,305,49,16.0655737704918
"950","3552106","SP","Socorro",-46.5251,-22.5903,2020-03-11,9,3,33.3333333333333
"951","3552205","SP","Sorocaba",-47.4451,-23.4969,2020-03-11,231,59,25.5411255411255
"952","3552502","SP","Suzano",-46.3112,-23.5448,2020-03-11,10,3,30
"953","3552809","SP","Taboão da Serra",-46.7526,-23.6019,2020-03-11,47,9,19.1489361702128
"954","3553708","SP","Taquaritinga",-48.5103,-21.4049,2020-03-11,2,1,50
"955","3554003","SP","Tatuí",-47.8461,-23.3487,2020-03-11,83,27,32.5301204819277
"956","3554102","SP","Taubaté",-45.5593,-23.0104,2020-03-11,107,20,18.6915887850467
"957","3555000","SP","Tupã",-50.5191,-21.9335,2020-03-11,32,7,21.875
"958","3555109","SP","Tupi Paulista",-51.575,-21.3825,2020-03-11,83,28,33.7349397590361
"959","3556206","SP","Valinhos",-46.9974,-22.9698,2020-03-11,796,249,31.2814070351759
"960","3556453","SP","Vargem Grande Paulista",-47.022,-23.5993,2020-03-11,3,0,0
"961","3556701","SP","Vinhedo",-46.9833,-23.0302,2020-03-11,22,4,18.1818181818182
"962","3557105","SP","Votuporanga",-49.9781,-20.4237,2020-03-11,22,2,9.09090909090909
"963","4101408","PR","Apucarana",-51.4635,-23.55,2020-03-11,39,7,17.9487179487179
"964","4101507","PR","Arapongas",-51.4259,-23.4153,2020-03-11,1,0,0
"965","4101804","PR","Araucária",-49.4047,-25.5859,2020-03-11,10,0,0
"966","4102000","PR","Assis Chateaubriand",-53.5213,-24.4168,2020-03-11,4,0,0
"967","4104303","PR","Campo Mourão",-52.378,-24.0463,2020-03-11,60,2,3.33333333333333
"968","4104808","PR","Cascavel",-53.459,-24.9573,2020-03-11,9,2,22.2222222222222
"969","4106902","PR","Curitiba",-49.2646,-25.4195,2020-03-11,1010,97,9.6039603960396
"970","4108304","PR","Foz do Iguaçu",-54.5827,-25.5427,2020-03-11,59,1,1.69491525423729
"971","4108403","PR","Francisco Beltrão",-53.0535,-26.0817,2020-03-11,104,4,3.84615384615385
"972","4109401","PR","Guarapuava",-51.4623,-25.3902,2020-03-11,66,9,13.6363636363636
"973","4110706","PR","Irati",-50.6493,-25.4697,2020-03-11,3,0,0
"974","4112009","PR","Jaguariaíva",-49.7066,-24.2439,2020-03-11,3,0,0
"975","4113205","PR","Lapa",-49.7168,-25.7671,2020-03-11,6,1,16.6666666666667
"976","4113502","PR","Loanda",-53.1362,-22.9232,2020-03-11,3,0,0
"977","4113700","PR","Londrina",-51.1691,-23.304,2020-03-11,427,72,16.8618266978923
"978","4114203","PR","Mandaguari",-51.671,-23.5446,2020-03-11,1,0,0
"979","4114807","PR","Marialva",-51.7928,-23.4843,2020-03-11,2,0,0
"980","4115200","PR","Maringá",-51.9333,-23.4205,2020-03-11,59,9,15.2542372881356
"981","4118402","PR","Paranavaí",-52.4617,-23.0816,2020-03-11,88,22,25
"982","4118501","PR","Pato Branco",-52.6706,-26.2292,2020-03-11,408,96,23.5294117647059
"983","4119152","PR","Pinhais",-49.1927,-25.4429,2020-03-11,14,2,14.2857142857143
"984","4119509","PR","Piraquara",-49.0624,-25.4422,2020-03-11,5,2,40
"985","4119905","PR","Ponta Grossa",-50.1668,-25.0916,2020-03-11,54,2,3.7037037037037
"986","4122404","PR","Rolândia",-51.3659,-23.3101,2020-03-11,42,4,9.52380952380952
"987","4124053","PR","Santa Terezinha de Itaipu",-54.402,-25.4391,2020-03-11,106,11,10.377358490566
"988","4124103","PR","Santo Antônio da Platina",-50.0815,-23.2959,2020-03-11,23,3,13.0434782608696
"989","4125605","PR","São Mateus do Sul",-50.384,-25.8677,2020-03-11,1,1,100
"990","4126256","PR","Sarandi",-51.876,-23.4441,2020-03-11,3,0,0
"991","4126603","PR","Siqueira Campos",-49.8304,-23.6875,2020-03-11,1,0,0
"992","4127700","PR","Toledo",-53.7412,-24.7246,2020-03-11,184,118,64.1304347826087
"993","4128104","PR","Umuarama",-53.3201,-23.7656,2020-03-11,30,3,10
"994","4202404","SC","Blumenau",-49.0709,-26.9155,2020-03-11,460,57,12.3913043478261
"995","4202800","SC","Braço do Norte",-49.1701,-28.2681,2020-03-11,1,0,0
"996","4202909","SC","Brusque",-48.9107,-27.0977,2020-03-11,163,19,11.6564417177914
"997","4203006","SC","Caçador",-51.012,-26.7757,2020-03-11,21,3,14.2857142857143
"998","4203808","SC","Canoinhas",-50.395,-26.1766,2020-03-11,22,0,0
"999","4204202","SC","Chapecó",-52.6152,-27.1004,2020-03-11,86,12,13.953488372093
"1000","4204301","SC","Concórdia",-52.026,-27.2335,2020-03-11,99,28,28.2828282828283
"1001","4204608","SC","Criciúma",-49.3729,-28.6723,2020-03-11,86,31,36.046511627907
"1002","4207502","SC","Indaial",-49.2354,-26.8992,2020-03-11,2,0,0
"1003","4208203","SC","Itajaí",-48.6705,-26.9101,2020-03-11,17,3,17.6470588235294
"1004","4208302","SC","Itapema",-48.616,-27.0861,2020-03-11,93,7,7.52688172043011
"1005","4208708","SC","Jacinto Machado",-49.7623,-28.9961,2020-03-11,15,2,13.3333333333333
"1006","4208906","SC","Jaraguá do Sul",-49.0713,-26.4851,2020-03-11,110,12,10.9090909090909
"1007","4209003","SC","Joaçaba",-51.5108,-27.1721,2020-03-11,81,9,11.1111111111111
"1008","4209102","SC","Joinville",-48.8487,-26.3045,2020-03-11,59,17,28.8135593220339
"1009","4209300","SC","Lages",-50.3259,-27.815,2020-03-11,1,0,0
"1010","4210100","SC","Mafra",-49.8086,-26.1159,2020-03-11,18,0,0
"1011","4210506","SC","Maravilha",-53.1737,-26.7665,2020-03-11,6,0,0
"1012","4211504","SC","Nova Trento",-48.9298,-27.278,2020-03-11,13,1,7.69230769230769
"1013","4211900","SC","Palhoça",-48.6697,-27.6455,2020-03-11,1,0,0
"1014","4212106","SC","Palmitos",-53.1586,-27.0702,2020-03-11,2,0,0
"1015","4214805","SC","Rio do Sul",-49.643,-27.2156,2020-03-11,116,23,19.8275862068966
"1016","4217204","SC","São Miguel do Oeste",-53.5163,-26.7242,2020-03-11,2,0,0
"1017","4219507","SC","Xanxerê",-52.4036,-26.8747,2020-03-11,9,4,44.4444444444444
"1018","4300109","RS","Agudo",-53.2515,-29.6447,2020-03-11,1,0,0
"1019","4300802","RS","Antônio Prado",-51.2883,-28.8565,2020-03-11,25,1,4
"1020","4301206","RS","Arroio do Tigre",-53.0966,-29.3348,2020-03-11,14,0,0
"1021","4301602","RS","Bagé",-54.0999,-31.3297,2020-03-11,4,1,25
"1022","4301800","RS","Barracão",-51.4585,-27.6739,2020-03-11,1,0,0
"1023","4302105","RS","Bento Gonçalves",-51.5165,-29.1662,2020-03-11,12,0,0
"1024","4302204","RS","Boa Vista do Buricá",-54.1082,-27.6693,2020-03-11,1,0,0
"1025","4302808","RS","Caçapava do Sul",-53.4827,-30.5144,2020-03-11,17,2,11.7647058823529
"1026","4303509","RS","Camaquã",-51.8043,-30.8489,2020-03-11,3,0,0
"1027","4304408","RS","Canela",-50.8119,-29.356,2020-03-11,4,0,0
"1028","4304507","RS","Canguçu",-52.6783,-31.396,2020-03-11,22,2,9.09090909090909
"1029","4305108","RS","Caxias do Sul",-51.1792,-29.1629,2020-03-11,455,55,12.0879120879121
"1030","4306007","RS","Crissiumal",-54.0994,-27.4999,2020-03-11,2,0,0
"1031","4306106","RS","Cruz Alta",-53.6048,-28.645,2020-03-11,8,2,25
"1032","4306452","RS","Dois Lajeados",-51.8396,-28.983,2020-03-11,5,2,40
"1033","4306809","RS","Encantado",-51.8703,-29.2351,2020-03-11,8,4,50
"1034","4306932","RS","Entre-Ijuís",-54.2686,-28.3686,2020-03-11,1,0,0
"1035","4307005","RS","Erechim",-52.2697,-27.6364,2020-03-11,485,101,20.8247422680412
"1036","4307203","RS","Erval Grande",-52.574,-27.3926,2020-03-11,14,5,35.7142857142857
"1037","4307500","RS","Espumoso",-52.8461,-28.7286,2020-03-11,12,6,50
"1038","4307807","RS","Estrela",-51.9495,-29.5002,2020-03-11,3,0,0
"1039","4308201","RS","Flores da Cunha",-51.1875,-29.0261,2020-03-11,15,4,26.6666666666667
"1040","4308904","RS","Getúlio Vargas",-52.2294,-27.8911,2020-03-11,2,0,0
"1041","4309308","RS","Guaíba",-51.3233,-30.1086,2020-03-11,11,0,0
"1042","4309407","RS","Guaporé",-51.8895,-28.8399,2020-03-11,17,8,47.0588235294118
"1043","4309506","RS","Guarani das Missões",-54.5629,-28.1491,2020-03-11,4,0,0
"1044","4309605","RS","Horizontina",-54.3053,-27.6282,2020-03-11,1,0,0
"1045","4310108","RS","Igrejinha",-50.7919,-29.5693,2020-03-11,14,0,0
"1046","4310207","RS","Ijuí",-53.92,-28.388,2020-03-11,11,3,27.2727272727273
"1047","4311007","RS","Jaguarão",-53.377,-32.5604,2020-03-11,2,0,0
"1048","4311106","RS","Jaguari",-54.703,-29.4936,2020-03-11,1,0,0
"1049","4311809","RS","Marau",-52.1986,-28.4498,2020-03-11,196,94,47.9591836734694
"1050","4312401","RS","Montenegro",-51.4679,-29.6824,2020-03-11,10,2,20
"1051","4312658","RS","Não-Me-Toque",-52.8182,-28.4548,2020-03-11,1,0,0
"1052","4313300","RS","Nova Prata",-51.6113,-28.7799,2020-03-11,338,41,12.1301775147929
"1053","4313409","RS","Novo Hamburgo",-51.1328,-29.6875,2020-03-11,2,0,0
"1054","4313607","RS","Paim Filho",-51.763,-27.7075,2020-03-11,1,0,0
"1055","4313904","RS","Panambi",-53.5023,-28.2833,2020-03-11,3,1,33.3333333333333
"1056","4314100","RS","Passo Fundo",-52.4091,-28.2576,2020-03-11,431,104,24.1299303944316
"1057","4314407","RS","Pelotas",-52.3371,-31.7649,2020-03-11,333,22,6.60660660660661
"1058","4314902","RS","Porto Alegre",-51.2065,-30.0318,2020-03-11,643,59,9.17573872472784
"1059","4315602","RS","Rio Grande",-52.1071,-32.0349,2020-03-11,13,2,15.3846153846154
"1060","4315701","RS","Rio Pardo",-52.3711,-29.988,2020-03-11,4,0,0
"1061","4316501","RS","Salvador do Sul",-51.5077,-29.4386,2020-03-11,2,1,50
"1062","4316600","RS","Sananduva",-51.8079,-27.947,2020-03-11,16,6,37.5
"1063","4316709","RS","Santa Bárbara do Sul",-53.251,-28.3653,2020-03-11,2,0,0
"1064","4316808","RS","Santa Cruz do Sul",-52.4343,-29.722,2020-03-11,37,7,18.9189189189189
"1065","4316907","RS","Santa Maria",-53.8149,-29.6868,2020-03-11,696,43,6.17816091954023
"1066","4317202","RS","Santa Rosa",-54.4796,-27.8702,2020-03-11,30,5,16.6666666666667
"1067","4317301","RS","Santa Vitória do Palmar",-53.3717,-33.525,2020-03-11,6,0,0
"1068","4317400","RS","Santiago",-54.8666,-29.1897,2020-03-11,46,8,17.3913043478261
"1069","4317509","RS","Santo Ângelo",-54.2668,-28.3001,2020-03-11,8,0,0
"1070","4318309","RS","São Gabriel",-54.3217,-30.3337,2020-03-11,3,1,33.3333333333333
"1071","4318424","RS","São João da Urtiga",-51.8257,-27.8195,2020-03-11,1,0,0
"1072","4318804","RS","São Lourenço do Sul",-51.9715,-31.3564,2020-03-11,37,1,2.7027027027027
"1073","4319000","RS","São Marcos",-51.0696,-28.9677,2020-03-11,11,2,18.1818181818182
"1074","4321006","RS","Tapera",-52.8613,-28.6277,2020-03-11,4,1,25
"1075","4321303","RS","Taquari",-51.8653,-29.7943,2020-03-11,1,0,0
"1076","4321808","RS","Três de Maio",-54.2357,-27.78,2020-03-11,1,0,0
"1077","4321907","RS","Três Passos",-53.9296,-27.4555,2020-03-11,3,0,0
"1078","4322004","RS","Triunfo",-51.7075,-29.9291,2020-03-11,5,0,0
"1079","4322301","RS","Tuparendi",-54.4814,-27.7598,2020-03-11,8,1,12.5
"1080","4322509","RS","Vacaria",-50.9418,-28.5079,2020-03-11,4,0,0
"1081","4323408","RS","Vila Maria",-52.1486,-28.5359,2020-03-11,3,0,0
"1082","5002704","MS","Campo Grande",-54.6295,-20.4486,2020-03-11,6,0,0
"1083","5003702","MS","Dourados",-54.812,-22.2231,2020-03-11,1484,283,19.0700808625337
"1084","5004700","MS","Ivinhema",-53.8184,-22.3046,2020-03-11,6,2,33.3333333333333
"1085","5008305","MS","Três Lagoas",-51.7007,-20.7849,2020-03-11,4,2,50
"1086","5100250","MT","Alta Floresta",-56.0867,-9.86674,2020-03-11,2,0,0
"1087","5101704","MT","Barra do Bugres",-57.1878,-15.0702,2020-03-11,7,0,0
"1088","5101803","MT","Barra do Garças",-52.264,-15.8804,2020-03-11,17,1,5.88235294117647
"1089","5102504","MT","Cáceres",-57.6818,-16.0764,2020-03-11,10,5,50
"1090","5102678","MT","Campo Verde",-55.1626,-15.545,2020-03-11,8,0,0
"1091","5103403","MT","Cuiabá",-56.0974,-15.601,2020-03-11,1676,671,40.035799522673
"1092","5104104","MT","Guarantã do Norte",-54.9121,-9.96218,2020-03-11,9,4,44.4444444444444
"1093","5105259","MT","Lucas do Rio Verde",-55.9042,-13.0588,2020-03-11,120,23,19.1666666666667
"1094","5106224","MT","Nova Mutum",-56.0743,-13.8374,2020-03-11,31,19,61.2903225806452
"1095","5107040","MT","Primavera do Leste",-54.2811,-15.544,2020-03-11,61,18,29.5081967213115
"1096","5107602","MT","Rondonópolis",-54.6372,-16.4673,2020-03-11,343,135,39.3586005830904
"1097","5107909","MT","Sinop",-55.5091,-11.8604,2020-03-11,110,47,42.7272727272727
"1098","5107925","MT","Sorriso",-55.7211,-12.5425,2020-03-11,11,4,36.3636363636364
"1099","5107958","MT","Tangará da Serra",-57.4933,-14.6229,2020-03-11,15,2,13.3333333333333
"1100","5108402","MT","Várzea Grande",-56.1322,-15.6458,2020-03-11,86,47,54.6511627906977
"1101","5201108","GO","Anápolis",-48.953,-16.3281,2020-03-11,137,1,0.72992700729927
"1102","5203203","GO","Barro Alto",-48.9086,-14.9658,2020-03-11,11,0,0
"1103","5205109","GO","Catalão",-47.944,-18.1656,2020-03-11,58,2,3.44827586206897
"1104","5205406","GO","Ceres",-49.6,-15.3061,2020-03-11,2,0,0
"1105","5208004","GO","Formosa",-47.337,-15.54,2020-03-11,70,7,10
"1106","5208608","GO","Goianésia",-49.1162,-15.3118,2020-03-11,86,17,19.7674418604651
"1107","5208707","GO","Goiânia",-49.2643,-16.6864,2020-03-11,12159,1973,16.2266633769224
"1108","5211503","GO","Itumbiara",-49.2158,-18.4093,2020-03-11,247,48,19.4331983805668
"1109","5211909","GO","Jataí",-51.7204,-17.8784,2020-03-11,18,3,16.6666666666667
"1110","5212204","GO","Jussara",-50.8668,-15.8659,2020-03-11,14,3,21.4285714285714
"1111","5212501","GO","Luziânia",-47.95,-16.253,2020-03-11,78,7,8.97435897435897
"1112","5213103","GO","Mineiros",-52.5537,-17.5654,2020-03-11,3,1,33.3333333333333
"1113","5213806","GO","Morrinhos",-49.1059,-17.7334,2020-03-11,34,8,23.5294117647059
"1114","5215231","GO","Novo Gama",-48.0417,-16.0592,2020-03-11,139,40,28.7769784172662
"1115","5215702","GO","Palmeiras de Goiás",-49.924,-16.8044,2020-03-11,12,0,0
"1116","5217401","GO","Pires do Rio",-48.2768,-17.3019,2020-03-11,7,2,28.5714285714286
"1117","5218508","GO","Quirinópolis",-50.4547,-18.4472,2020-03-11,17,4,23.5294117647059
"1118","5218805","GO","Rio Verde",-50.9192,-17.7923,2020-03-11,613,269,43.8825448613377
"1119","5221403","GO","Trindade",-49.4927,-16.6517,2020-03-11,38,3,7.89473684210526
"1120","5300108","DF","Brasília",-47.9297,-15.7795,2020-03-11,1434,389,27.1269177126918
